state_name,county_name,fips,cbd_2020,fiber_2020,grain_2020,seed_2020,grain_seed_2020,grain_seed_2020,acre_2020,cbd_2021,fiber_2021,grain_2021,seed_2021,grain_seed_2021,sets_2021,acre_2021
Alabama,Autauga,1001,12.1,,,,,,12.1,,,,,,,
Alabama,Baldwin,1003,1,,,,,,1,,,,,,,
Alabama,Barbour,1005,,,,,,,,,,,,,,
Alabama,Bullock,1011,1,,,,,,1,,,,,,,
Alabama,Calhoun,1015,1.66,,,,,,1.66,,,,,,,
Alabama,Chambers,1017,,14,,,,,14,,,,,,,
Alabama,Cherokee,1019,5,,,,,,5,,,,,,,
Alabama,Choctaw,1023,7,,,,,,7,,,,,,,
Alabama,Coffee,1031,42.58,,,,,,42.58,,,,,,,
Alabama,Cullman,1043,10,,,,,,10,,,,,,,
Alabama,DeKalb,1049,1,,,,,,1,,,,,,,
Alabama,Escambia,1053,5.5,,,,,,5.5,,,0.6,,0.6,,0.6
Alabama,FAYETTE,1057,57.11,,,,,,57.11,60,,,,,,60
Alabama,Geneva,1061,319.16,,,,,,319.16,66,,,,,,66
Alabama,HENRY,1067,7.5,,,,,,7.5,,,,,,,
Alabama,Houston,1069,10,,,,,,10,,,,,,,
Alabama,JACKSON,1071,15.98,,,,,,15.98,,,,,,,
Alabama,Lauderdale,1077,,,,,,,,,,,,,,
Alabama,Lawrence,1079,,,5,,5,5,5,,,,,,,
Alabama,Lowndes,1085,1,,,,,,1,,,,,,,
Alabama,MADISON,1089,414.7,,,,,,414.7,22,,,,,,22
Alabama,MARION,1093,3,,,,,,3,,,,,,,
Alabama,Mobile,1097,8,,,,,,8,,,,,,,
Alabama,Monroe,1099,5,,,,,,5,,,,,,,
Alabama,Montgomery,1101,,160,,,,,160,,20,,,,,20
Alabama,Pickens,1107,,,,,,,,,,,,,,
Alabama,Pike,1109,0.05,,,,,,0.05,,,,,,,
Alabama,SHELBY,1117,,,,,,,,,,,,,,
Alabama,Talladega,1121,1,,,,,,1,,,,,,,
Alabama,Wilcox,1131,71,,,,,,71,13.6,,,,,,13.6
Arizona,Graham,4009,203.74,,,,,,203.74,,,,,,,
Arizona,Maricopa,4013,106.96,,,,,,106.96,,,,,,,
Arizona,Pinal,4021,,1.5,,,,,1.5,1.75,,,,,,1.75
Arizona,YUMA,4027,375.29,,,10,10,20,385.29,,,,13.78,13.78,,13.78
Arkansas,Ashley,5003,2,,,,,,2,,,,,,,
Arkansas,Benton,5007,,,,5.17,5.17,10.34,5.17,,,,,,,
Arkansas,Carroll,5015,1.25,,,,,,1.25,3,,,,,,3
Arkansas,Chicot,5017,3,,,,,,3,,,,,,,
Arkansas,CLARK,5019,,,,,,,,,118.4,,,,,118.4
Arkansas,Cleveland,5025,6.7,,,,,,6.7,,,,,,,
Arkansas,Conway,5029,33.88,,,,,,33.88,,,,,,,
Arkansas,Craighead,5031,150.41,,,,,,150.41,99.01,,,,,,99.01
Arkansas,Crittenden,5035,3.06,,,,,,3.06,,,,,,,
Arkansas,Cross,5037,18.2,,,,,,18.2,,,,,,,
Arkansas,Desha,5041,1.5,,,,,,1.5,,,,,,,
Arkansas,Drew,5043,,,,,,,,,,,,,,
Arkansas,Faulkner,5045,33.5,,,,,,33.5,3.25,,,,,,3.25
Arkansas,Franklin,5047,1,,,,,,1,,,,,,,
Arkansas,Jefferson,5069,131.94,,5.5,42.64,48.14,90.78,180.08,28.24,,,,,,28.24
Arkansas,Lawrence,5075,,,,,,,,5,,,,,,5
Arkansas,Lee,5077,3,,,,,,3,,,,,,,
Arkansas,LINCOLN,5079,,,,,,,,,,,,,,
Arkansas,Lonoke,5085,0.5,,,,,,0.5,,8.5,,,,,8.5
Arkansas,MADISON,5087,2,,,,,,2,,,,,,,
Arkansas,MARION,5089,,11,,,,,11,,,,,,,
Arkansas,Mississippi,5093,,20,,,,,20,,,,,,,
Arkansas,Monroe,5095,4,,2,,2,2,6,,,,,,,
Arkansas,Perry,5105,5,,,,,,5,,,,,,,
Arkansas,Pike,5109,,,,,,,,0.025,,,,,,0.025
Arkansas,Pope,5115,1.83,,,,,,1.83,2,,,,,,2
Arkansas,Prairie,5117,15.9,,,,,,15.9,0,,,,,,0
Arkansas,Pulaski,5119,5,1,,,,,6,,,,,,,
Arkansas,Saline,5125,,,,,,,,1,,,,,,1
Arkansas,Sharp,5135,,10,,,,,10,,,,,,,
Arkansas,St. Francis,5123,,1,,,,,1,,,,,,,
Arkansas,Washington,5143,7.5,,,,,,7.5,1,3,,,,,4
Arkansas,White,5145,,,,,,,,,,,,,,
Arkansas,Woodruff,5147,,,,,,,,0.31,,,,,,0.31
Arkansas,Yell,5149,,,,,,,,,,,,,,
California,Butte,6007,,,,,,,,3.02,14.75,,0.41,0.41,,18.18
California,Fresno,6019,362.5,,,,,,362.5,160.12,,,,,,160.12
California,Imperial,6025,1350.21,,,134.84,134.84,269.68,1485.05,20.57,,,,,,20.57
California,Kern,6029,30,,15,,15,15,45,8,,,,,,8
California,Kings,6031,,,,,,,,,,,,,,
California,Madera,6039,,,,,,,,2,,,,,,2
California,Modoc,6049,5,,,,,,5,,,,,,,
California,Plumas,6063,15,,,,,,15,4.58,,,,,,4.58
California,San Diego,6073,,,,,,,,,0.12,,,,,0.12
California,San Joaquin,6077,,,,,,,,32.9,,,,,,32.9
California,San Luis Obispo,6079,,,,,,,,8,,,,,,8
California,Siskiyou,6093,,,,,,,,,,,,,,
California,Solano,6095,,,,,,,,,,,,,,
California,Sonoma,6097,,,,,,,,11.57,,,,,,11.57
California,Sutter,6101,18.03,,,,,,18.03,22.47,,,,,,22.47
California,Ventura,6111,,,,,,,,31.4,3,,,,,34.4
COLORADO,Adams,8001,87,,,,,,87,,,,,,,
COLORADO,ALAMOSA,8003,380.5,,,1077.65,1077.65,2155.3,1458.15,,,,,,,
COLORADO,ARAPAHOE,8005,116.62,,,,,,116.62,124.65,,,,,,124.65
COLORADO,Baca,8009,50.6,,,608.56,608.56,1217.12,659.16,1864.38,45,,,,,1909.38
COLORADO,Bent,8011,294.74,,,,,,294.74,,,,,,,
COLORADO,Boulder,8013,25,,,,,,25,23.34,,,,,,23.34
COLORADO,CHEYENNE,8017,264.82,318.9,,319.86,319.86,639.72,903.58,,,,,,,
COLORADO,Conejos,8021,,30,,,,,30,,,,,,,
COLORADO,COSTILLA,8023,,,,,,,,,,,,,,
COLORADO,CROWLEY,8025,,77.67,,,,,77.67,4.96,,,,,,4.96
COLORADO,Delta,8029,64.9,,,,,,64.9,,,,,,,
COLORADO,Dolores,8033,34.14,,,,,,34.14,9,,,,,,9
COLORADO,Douglas,8035,3.5,,,,,,3.5,,,,,,,
COLORADO,Elbert,8039,2,,,,,,2,,,,,,,
COLORADO,Garfield,8045,169.23,,,,,,169.23,,,,,,,
COLORADO,Kiowa,8061,243.17,,,,,,243.17,4569.45,,,,,,4569.45
COLORADO,KIT CARSN,8063,,,,,,,,,,,,,,
COLORADO,Kit Carson,8063,80,,,50,50,100,130,,,,,,,
COLORADO,Larimer,8069,83,120.99,,31.5023,31.5023,63.0046,235.4923,,,,32.86,32.86,,32.86
COLORADO,LINCOLN,8073,,,,,,,,,,,,,,
COLORADO,LOGAN,8075,,69.93,,,,,69.93,,26.33,,,,,26.33
COLORADO,Mesa,8077,53.93,,,,,,53.93,16.11,,,,,,16.11
COLORADO,Montezuma,8083,,,,,,,,,,,,,,
COLORADO,Montrose,8085,652.21,,,,,,652.21,151.64,,,,,,151.64
COLORADO,MORGAN,8087,97,,,,,,97,21,,,,,,21
COLORADO,OTERO,8089,450.022,13.66,,,,,463.682,33.06,,,,,,33.06
COLORADO,Phillips,8095,0,,,,,,0,,,,,,,
COLORADO,Prowers,8099,1329.56,,,,,,1329.56,,,,,,,
COLORADO,Pueblo,8101,92.18,,,,,,92.18,,,,,,,
COLORADO,Rio Grande,8105,90,,,,,,90,15,,,,,,15
COLORADO,RIO GRNDE,8105,,,,,,,,,,,,,,
COLORADO,SAGUACHE,8109,419.6,1083.48,,,,,1503.08,70,,,,,,70
COLORADO,Sedgwick,8115,156.8,,,,,,156.8,,,,,,,
COLORADO,Washington,8121,,,77.89,,77.89,77.89,77.89,,,,,,,
COLORADO,WASHNGTON,8121,,,,,,,,,,,,,,
COLORADO,WELD,8123,206.75,,,14.49,14.49,28.98,221.24,,,,,,,
COLORADO,YUMA,8125,67.61,,126,163.09,289.09,452.18,356.7,7.3,,,,,,7.3
Connecticut,Fairfield,9001,,,,,,,,2.6838,,,,,,2.6838
Connecticut,Hartford,9003,,,,,,,,2.5,,,,,,2.5
Connecticut,Litchfield,9005,,,,,,,,6.1,,,,,,6.1
Connecticut,New Haven,9009,0.54,,,,,,0.54,1.3635,,,,,,1.3635
Connecticut,New London,9011,1.4695,,,,,,1.4695,0.474,,,,,,0.474
Connecticut,Tolland,9013,15.94,,,,,,15.94,,,,,,,
Connecticut,Windham,9015,0.8,,,,,,0.8,,,,,,,
Delaware,Kent,10001,,,,,,,,,,,,,,
Delaware,New Castle,10003,,,,,,,,5.016,,,,,,5.016
Delaware,Sussex,10005,1,,,,,,1,1.32,,,,,,1.32
Florida,Alachua,12001,,,,,,,,,,24.12,,24.12,,24.12
Florida,Dixie,12029,,,,74.58,74.58,149.16,74.58,,,,,,,
Florida,Hamilton,12047,112.21,,,,,,112.21,,,,,,,
Florida,Hillsborough,12057,0.04,,,,,,0.04,10,,,,,,10
Florida,JACKSON,12063,,,,,,,,,,8.52,4,12.52,,12.52
Florida,Polk,12105,5.45,,,,,,5.45,,,,,,,
Florida,Santa Rosa,12113,,,,,,,,,1.5,,,,,1.5
Florida,Seminole,12117,0.21,,,,,,0.21,,,,,,,
Georgia,Appling,13001,6.135,,,,,,6.135,7.1,,,,,,7.1
Georgia,Atkinson,13003,1.75,,,,,,1.75,3.8,,,,,,3.8
Georgia,Baker,13007,0.75,,,,,,0.75,,,,,,,
Georgia,Bartow,13015,1.7431,,,0.1951,0.1951,0.3902,1.9382,0.7687,,,,,,0.7687
Georgia,Brooks,13027,50.074,,,,,,50.074,,,,,,,
Georgia,Candler,13043,4,,,,,,4,8.0034,,,,,,8.0034
Georgia,Chattooga,13055,1,,,,,,1,2.74,,,,,,2.74
Georgia,Cherokee,13057,1.5,,,,,,1.5,,,,,,,
Georgia,Clayton,13063,2,,,,,,2,,,,,,,
Georgia,Coffee,13069,22.25,,,,,,22.25,1.1,,,,,,1.1
Georgia,Colquitt,13071,46,,,,,,46,3,,,,,,3
Georgia,Cook,13075,4.95,,,,,,4.95,,,,,,,
Georgia,Coweta,13077,,,,,,,,0.1196,,,,,,0.1196
Georgia,Crawford,13079,,,,,,,,0.7069,,,,,,0.7069
Georgia,Crisp,13081,1,,,,,,1,,,,,,,
Georgia,Dooly,13093,15,,,,,,15,,,,,,,
Georgia,Dougherty,13095,6,,4,,4,4,10,2.18,,,,,,2.18
Georgia,Early,13099,,,,,,,,2,,,,,,2
Georgia,Effingham,13103,1,,,,,,1,,,,,,,
Georgia,Franklin,13119,0.039,,0.413,,0.413,0.413,0.452,0.015,,,,,,0.015
Georgia,Fulton,13121,0.64,1,,,,,1.64,0.6366,0.04,,,,,0.6766
Georgia,Glascock,13125,10,,,,,,10,,,,,,,
Georgia,Gordon,13129,0.2145,,,,,,0.2145,,,,,,,
Georgia,Greene,13133,3.8,,,,,,3.8,5,,,,,,5
Georgia,Hall,13139,0.73,,,,,,0.73,0.73,,,,,,0.73
Georgia,Hancock,13141,,,,31.31,31.31,62.62,31.31,14,,,,,,14
Georgia,HART,13147,0.205,,10.24,,10.24,10.24,10.445,0.39,,0.135,,0.135,,0.525
Georgia,HENRY,13151,1.24,,,,,,1.24,0.25,,,,,,0.25
Georgia,Irwin,13155,26.26,,,,,,26.26,,12.46,,,,,12.46
Georgia,JACKSON,13157,,,,,,,,,,,0.07,0.07,,0.07
Georgia,Jasper,13159,2,,,,,,2,5,,,,,,5
Georgia,Jefferson,13163,1,,,,,,1,2.5,,,,,,2.5
Georgia,Jones,13169,0.5,,,,,,0.5,0.5,,,,,,0.5
Georgia,Lamar,13171,,,,,,,,0.33,,,,,,0.33
Georgia,Long,13183,2,,,,,,2,3,,,,,,3
Georgia,Lowndes,13185,5.018,,,,,,5.018,,,,,,,
Georgia,Lumpkin,13187,0.07,,,,,,0.07,6.97,,,0.05,0.05,,7.02
Georgia,Mitchell,13205,17.5,,,,,,17.5,7.5,5,,,,,12.5
Georgia,MORGAN,13211,3.25,,,,,,3.25,0.5,,,,,,0.5
Georgia,Oconee,13219,0.16,,,,,,0.16,,,,,,,
Georgia,Pike,13231,8,,,,,,8,3.77,,,,,,3.77
Georgia,Polk,13233,0.057,,,,,,0.057,,,,,,,
Georgia,Rabun,13241,0.25,,,,,,0.25,1.36,,,,,,1.36
Georgia,Randolph,13243,0.545,,,,,,0.545,0.045,,,,,,0.045
Georgia,Richmond,13245,2.99,,,,,,2.99,0.004,,,,,,0.004
Georgia,Rockdale,13247,1.5,,,,,,1.5,,,,,,,
Georgia,Screven,13251,3,,,,,,3,,,,,,,
Georgia,Spalding,13255,0.1,,,,,,0.1,0.05,,,,,,0.05
Georgia,Stewart,13259,3,,,,,,3,1.97,,,,,,1.97
Georgia,Talbot,13263,2.05,,,,,,2.05,2.5,,,,,,2.5
Georgia,Tattnall,13267,32.3,,,,,,32.3,5,,,,,,5
Georgia,Terrell,13273,,,,,,,,,,,,,,
Georgia,Thomas,13275,9,,,,,,9,,,,,,,
Georgia,Tift,13277,6.13,,,,,,6.13,,,,,,,
Georgia,Towns,13281,,,0.101,,0.101,0.101,0.101,0.057,,,,,,0.057
Georgia,Troup,13285,,,,,,,,0.012,,,,,,0.012
Georgia,Twiggs,13289,27.378,,,,,,27.378,0.176,,,,,,0.176
Georgia,Upson,13293,2.5,,,,,,2.5,2.5,,,,,,2.5
Georgia,Walker,13295,0.11,,,,,,0.11,0.11,,,,,,0.11
Georgia,Walton,13297,5.26,,,,,,5.26,0.5,,,,,,0.5
Georgia,Washington,13303,15,,,,,,15,8.0073,,,,,,8.0073
Georgia,Wayne,13305,21.94,,,,,,21.94,9,,,,,,9
Georgia,Wilkes,13317,0.42,,,,,,0.42,,,,,,,
Hawaii,Hawaii,15001,,,,,,,,0.32,,,0.66,0.66,,0.98
Hawaii,Honolulu,15003,,,,,,,,8.82,,,,,,8.82
Hawaii,Kauai,15007,,,,,,,,7.56,,,,,,7.56
Hawaii,Maui,15009,3.023,,,,,,3.023,0.5,,,,,,0.5
Idaho,"Benewah, South Shoshone",16009,,,,,,,,,,,,,,
Idaho,Payette,16075,30.95,,,,,,30.95,,,,,,,
Illinois,Adams,17001,,,,,,,,18.5,,,,,,18.5
Illinois,Alexander,17003,,,,,,,,,,,,,,
Illinois,Bond,17005,,,,,,,,,,,,,,
Illinois,Boone,17007,227.24,,,,,,227.24,188.2,,,,,,188.2
Illinois,Bureau,17011,11.18,,,,,,11.18,,,,,,,
Illinois,Calhoun,17013,1,,,,,,1,0.78,,,,,,0.78
Illinois,Carroll,17015,122.29,,,,,,122.29,,,,,,,
Illinois,Champaign,17019,,,,,,,,,,,,,,
Illinois,CHRISTIAN,17021,,,,,,,,,,,,,,
Illinois,Clinton,17027,,,,,,,,,,,,,,
Illinois,Coles,17029,,1,,,,,1,2,,,,,,2
Illinois,Crawford,17033,,,,,,,,,,,,,,
Illinois,DeKalb,17037,32.94,,,,,,32.94,,,,,,,
Illinois,Douglas,17041,,,,,,,,,,,,,,
Illinois,Edgar,17045,4,,,,,,4,,,,,,,
Illinois,FAYETTE,17051,1.5,1,,,,,2.5,,1.5,,,,,1.5
Illinois,Ford,17053,60.39,,,,,,60.39,,,,,,,
Illinois,Franklin,17055,,,,,,,,,,,,,,
Illinois,Fulton,17057,10.72,,,,,,10.72,10.72,,,,,,10.72
Illinois,Gallatin,17059,,,,,,,,,,,,,,
Illinois,Grundy,17063,,,,,,,,,,,,,,
Illinois,Hamilton,17065,5.8,,,,,,5.8,2,,,,,,2
Illinois,Hancock,17067,2.94,,,,,,2.94,0.5,,,,,,0.5
Illinois,Henderson,17071,,,,,,,,,,,,,,
Illinois,HENRY,17073,5.99,,,,,,5.99,1.5,,,,,,1.5
Illinois,Iroquois,17075,,,,115,115,230,115,,,,4,4,,4
Illinois,Jasper,17079,,,,,,,,5,,,,,,5
Illinois,Jersey,17083,3.27,,,,,,3.27,,,,,,,
Illinois,Jo Daviess,17085,16.06,,,7.03,7.03,14.06,23.09,35,,,,,,35
Illinois,Johnson,17087,3.4,,,,,,3.4,10,,,,,,10
Illinois,Kane,17089,9,,8.91,,8.91,8.91,17.91,,,,,,,
Illinois,Kankakee,17091,,,,,,,,25.43,,,,,,25.43
Illinois,Kendall,17093,5.75,,,,,,5.75,0.5,,,,,,0.5
Illinois,Knox,17095,10,,,,,,10,,,,,,,
Illinois,La Salle,17099,9.03,,,,,,9.03,0.1,,,,,,0.1
Illinois,Lawrence,17101,25.84,,,,,,25.84,,,,,,,
Illinois,Lee,17103,1.97,,,,,,1.97,2.84,,,,,,2.84
Illinois,Livingston,17105,1,,,,,,1,1,15,,,,,16
Illinois,LOGAN,17107,10.44,,,,,,10.44,3,,,,,,3
Illinois,MACON,17115,,14,,,,,14,,,,,,,
Illinois,Macoupin,17117,,,,,,,,,,,,,,
Illinois,MARION,17121,6,,,,,,6,2,,,,,,2
Illinois,Marshall,17123,187.46,,,,,,187.46,225.95,,,,,,225.95
Illinois,MASON,17125,,,,68.82,68.82,137.64,68.82,,,,23.38,23.38,,23.38
Illinois,McDonough,17109,,68.89,,,,,68.89,,,,,,,
Illinois,McHenry,17111,2.14,,,,,,2.14,9.77,,,,,,9.77
Illinois,McLean,17113,,,,,,,,,,,,,,
Illinois,Menard,17129,6,,,,,,6,,,,,,,
Illinois,Mercer,17131,5.32,,,,,,5.32,,,,,,,
Illinois,Monroe,17133,0.52,,,5.5,5.5,11,6.02,5.22,,,,,,5.22
Illinois,Montgomery,17135,,,,,,,,,,,,,,
Illinois,Ogle,17141,29,,,,,,29,,,,,,,
Illinois,Peoria,17143,4.44,,,0.5,0.5,1,4.94,2.5,,,,,,2.5
Illinois,Piatt,17147,0.78,,,,,,0.78,1.51,,,,,,1.51
Illinois,Pike,17149,20,,,,,,20,,,,,,,
Illinois,Putnam,17155,19.45,,,,,,19.45,,3.44,,,,,3.44
Illinois,Randolph,17157,,,,,,,,,,,,,,
Illinois,Saline,17165,,10.82,,,,,10.82,,,,,,,
Illinois,Sangamon,17167,4.4,,,0.51,0.51,1.02,4.91,,,,,,,
Illinois,Schuyler,17169,14.41,,,,,,14.41,,46.12,,,,,46.12
Illinois,SHELBY,17173,11.76,,,,,,11.76,5,,,,,,5
Illinois,St. Clair,17163,,,,,,,,5,,,,,,5
Illinois,Stark,17175,35.84,,,,,,35.84,35.84,,,,,,35.84
Illinois,Stephenson,17177,7,,,,,,7,,,,,,,
Illinois,Tazewell,17179,,,,,,,,114.49,,,,,,114.49
Illinois,Union,17181,19.8,,,1.54,1.54,3.08,21.34,,,,2,2,,2
Illinois,Vermilion,17183,0.25,,,,,,0.25,,,,,,,
Illinois,Warren,17187,,,,11,11,22,11,,,,6.8,6.8,,6.8
Illinois,Washington,17189,2,,,,,,2,,,,,,,
Illinois,White,17193,172.73,,,,,,172.73,35.64,,,,,,35.64
Illinois,Whiteside,17195,2.71,,,,,,2.71,1.21,,,,,,1.21
Illinois,Will,17197,10.56,1,,,,,11.56,,7.25,,,,,7.25
Illinois,Winnebago,17201,443.32,,,,,,443.32,,,,,,,
Illinois,WOODFORD,17203,52,14,,,,,66,51.5,48.81,,,,,100.31
Indiana,Allen,18003,,,,,,,,,3,,,,,3
Indiana,Bartholomew,18005,356.4,,60.53,,60.53,60.53,416.93,2.7818,,,,,,2.7818
Indiana,Blackford,18009,3,,,,,,3,2.2,,,,,,2.2
Indiana,Boone,18011,154.18,,,,,,154.18,16.53,,,,,,16.53
Indiana,Cass,18017,154.73,,,,,,154.73,5.5,,,,,,5.5
Indiana,CLARK,18019,6.06,,,,,,6.06,,,,,,,
Indiana,Clay,18021,,,,,,,,3.08,,,,,,3.08
Indiana,Clinton,18023,54.04,4.61,,,,,58.65,,,,,,,
Indiana,DAVIESS,18027,51.86,,,,,,51.86,,,,,,,
Indiana,Dearborn,18029,,,21,,21,21,21,3,,,,,,3
Indiana,Decatur,18031,5,,,,,,5,,,,,,,
Indiana,Delaware,18035,22.5,,,,,,22.5,25.815,,,,,,25.815
Indiana,Elkhart,18039,2.5,,,,,,2.5,,,,,,,
Indiana,FAYETTE,18041,,,,,,,,0.46,,,,,,0.46
Indiana,Floyd,18043,0.0959,,,,,,0.0959,,,,,,,
Indiana,Fountain,18045,,,,,,,,3.01,,,,,,3.01
Indiana,Franklin,18047,,,,,,,,0.0397,,,,,,0.0397
Indiana,Fulton,18049,,0.7,,,,,0.7,,,,,,,
Indiana,GRANT,18053,,820.08,,,,,820.08,,,,,,,
Indiana,Hamilton,18057,5.07,,,,,,5.07,,,,,,,
Indiana,Hancock,18059,4.31,0.24,,0.08,0.08,0.16,4.63,0.1473,,,,,,0.1473
Indiana,HARRISON,18061,1.523,,,,,,1.523,2,,,,,,2
Indiana,Hendricks,18063,,,,,,,,,,,,,,
Indiana,HENRY,18065,14.2,,,,,,14.2,3,,,,,,3
Indiana,Howard,18067,,50,,,,,50,1.8022,,,,,,1.8022
Indiana,JACKSON,18071,111.22,,,,,,111.22,,,,,,,
Indiana,Jasper,18073,4,,,,,,4,,,,,,,
Indiana,Jay,18075,2,,,,,,2,1,,,,,,1
Indiana,Jefferson,18077,,,,,,,,,,,,,,
Indiana,Johnson,18081,13.3,,,,,,13.3,,,,,,,
Indiana,Knox,18083,0.5,,,,,,0.5,,,,,,,
Indiana,Kosciusko,18085,2.84,,,,,,2.84,,,,,,,
Indiana,Lake,18089,,,,,,,,,,0.0005,,0.0005,,0.0005
Indiana,LaPorte,18091,3,,,,,,3,1.0552,,,,,,1.0552
Indiana,Lawrence,18093,,,,2.84,2.84,5.68,2.84,,,,,,,
Indiana,MADISON,18095,180.9,,,,,,180.9,3,,,0.71,0.71,,3.71
Indiana,MARION,18097,,,,,,,,0.1836,,,,,,0.1836
Indiana,Marshall,18099,,,,,,,,,,,,,,
Indiana,Martin,18101,,,,3.36,3.36,6.72,3.36,,,,,,,
Indiana,Miami,18103,,62,15.8,,15.8,15.8,77.8,8.44,,,,,,8.44
Indiana,Montgomery,18107,,,,,,,,2.925,,,,,,2.925
Indiana,MORGAN,18109,,,,,,,,1,21.02,,,,,22.02
Indiana,Noble,18113,,,,,,,,1,,,,,,1
Indiana,Orange,18117,,,,,,,,0.024,0.745,,,,,0.769
Indiana,Pike,18125,,13.33,,,,,13.33,4.56,,,,,,4.56
Indiana,Porter,18127,,,,,,,,,,,,,,
Indiana,Putnam,18133,,7.65,,,,,7.65,1,,,,,,1
Indiana,Ripley,18137,,,,,,,,,,,,,,
Indiana,Rush,18139,,,,20,20,40,20,,10,,,,,10
Indiana,SHELBY,18145,2,,,,,,2,,,,,,,
Indiana,Spencer,18147,6.8,,,,,,6.8,,,,,,,
Indiana,St. Joseph,18141,1.8,,,8.17,8.17,16.34,9.97,,,,,,,
Indiana,Starke,18149,1,,,9.55,9.55,19.1,10.55,1,,,,,,1
Indiana,Sullivan,18153,3,,,,,,3,,,,,,,
Indiana,Switzerland,18155,,,,,,,,,,,,,,
Indiana,Tippecanoe,18157,5.5,,,,,,5.5,6.258,,,,,,6.258
Indiana,Vigo,18167,,,,,,,,,,,,,,
Indiana,Wabash,18169,,,,,,,,,1,,,,,1
Indiana,Washington,18175,,,,50,50,100,50,,,,,,,
Indiana,White,18181,202.67,202.545,40,202.545,242.545,445.09,647.76,10.3,,105,,105,,115.3
Indiana,Whitley,18183,,,,,,,,1.41,,,,,,1.41
Iowa,Allamakee,19005,9.83,0.2223,,,,,10.0523,5.25,0.2223,,,,,5.4723
Iowa,Buchanan,19019,1,,,,,,1,50.5,,,,,,50.5
Iowa,Carroll,19027,11.74,,,,,,11.74,3.53,,,,,,3.53
Iowa,Cerro Gordo,19033,17.5,,,,,,17.5,1,,,,,,1
Iowa,Davis,19051,0.4,,,,,,0.4,,,,,,,
Iowa,Decatur,19053,0.25,,,,,,0.25,,,,,,,
Iowa,Des Moines,19057,4,,,,,,4,2.06,,,,,,2.06
Iowa,East Pottawattamie,19155,0.75,,,,,,0.75,,,,,,,
Iowa,Floyd,19067,23.25,,,,,,23.25,3,,,,,,3
Iowa,Hamilton,19079,4.81,,,,,,4.81,5,,,,,,5
Iowa,Hancock,19081,2.1,,,,,,2.1,,,,,,,
Iowa,Hardin,19083,,,,,,,,20,,,,,,20
Iowa,HENRY,19087,2,,,,,,2,,,,,,,
Iowa,Howard,19089,2,,,,,,2,,,,,,,
Iowa,HUMBOLDT,19091,108.37,,,,,,108.37,,,,,,,
Iowa,JACKSON,19097,,,,,,,,1,,,,,,1
Iowa,Jasper,19099,0.186,,,,,,0.186,,,,,,,
Iowa,Jefferson,19101,,,,20.99,20.99,41.98,20.99,,,,,,,
Iowa,Johnson,19103,15.1,,,,,,15.1,,1.88,,,,,1.88
Iowa,Linn,19113,34.89,,,,,,34.89,,,,,,,
Iowa,Lyon,19119,,,,,,,,,1.5,,,,,1.5
Iowa,Mills,19129,,,,,,,,1,,,,,,1
Iowa,Muscatine,19139,,,,,,,,0.035,0.035,,,,,0.07
Iowa,Page,19145,,,16.12,,16.12,16.12,16.12,,,,,,,
Iowa,Pocahontas,19151,,4,,,,,4,,,,,,,
Iowa,Polk,19153,1.02,,,,,,1.02,,,,,,,
Iowa,Ringgold,19159,,,,78,78,156,78,,,,,,,
Iowa,Tama,19171,3.5,,,,,,3.5,,,,,,,
Iowa,Warren,19181,7.92,,,,,,7.92,6,,,,,,6
Iowa,Webster,19187,10,,,,,,10,,,,,,,
Kansas,Allen,20001,10.31,,,,,,10.31,1.9,,,,,,1.9
Kansas,Anderson,20003,,,,0.1,0.1,0.2,0.1,,,,1,1,,1
Kansas,Barber,20007,,,,,,,,,30,,,,,30
Kansas,Barton,20009,50.5,,,,,,50.5,0.5,,149.05,,149.05,,149.55
Kansas,Brown,20013,0.1,,,,,,0.1,,,,,,,
Kansas,Butler,20015,48.36,,,,,,48.36,12.58,58.74,,,,,71.32
Kansas,Clay,20027,8.15,,,,,,8.15,2.72,,,,,,2.72
Kansas,Cloud,20029,182.76,,,,,,182.76,,,,,,,
Kansas,Cowley,20035,3.96,,,,,,3.96,,,,,,,
Kansas,Decatur,20039,,,,,,,,,,,,,,
Kansas,Dickinson,20041,7.55,,,,,,7.55,,,,,,,
Kansas,Doniphan,20043,,,,,,,,,,,,,,
Kansas,Edwards,20047,0.55,,,,,,0.55,,,,,,,
Kansas,Ellis,20051,24.3,,,,,,24.3,0.06,,,,,,0.06
Kansas,Finney,20055,7.1,,,,,,7.1,1,,,,,,1
Kansas,Ford,20057,,,,,,,,,0.56,,,,,0.56
Kansas,Gray,20069,2283.03,,,,,,2283.03,6,,,,,,6
Kansas,Harvey,20079,1,,,,,,1,10.07,,,,,,10.07
Kansas,Haskell,20081,31.3,,,,,,31.3,0.3,,,,,,0.3
Kansas,JACKSON,20085,18.62,21.4,,,,,40.02,5.2,88.41,,,,,93.61
Kansas,Jewell,20089,,,,,,,,,,,,,,
Kansas,Johnson,20091,,,,,,,,,1.0022,,,,0.06,1.0622
Kansas,Kearny,20093,,,,,,,,,,,,,,
Kansas,Kiowa,20097,363,,,,,,363,,,,,,,
Kansas,Leavenworth,20103,,,,,,,,0.52,,0.13,,0.13,,0.65
Kansas,Linn,20107,,,,,,,,2.37,,,,,,2.37
Kansas,MARION,20115,0.02,,,,,,0.02,,,,,,,
Kansas,McPherson,20113,,,,,,,,1,,,,,,1
Kansas,Miami,20121,59.89,,,,,,59.89,,,,,,,
Kansas,Mitchell,20123,438.1,,,,,,438.1,41,,1.01,,1.01,,42.01
Kansas,Morris,20127,74.57,,,,,,74.57,,,,,,,
Kansas,Neosho,20133,,,,,,,,,,0.5,,0.5,,0.5
Kansas,Norton,20137,0.12,,,,,,0.12,0.12,,,,,,0.12
Kansas,Osage,20139,,,,,,,,1.08,,,,,,1.08
Kansas,Ottawa,20143,,,,,,,,5,,,,,,5
Kansas,Pawnee,20145,,,,,,,,,24,,,,,24
Kansas,Pottawatomie,20149,,,,,,,,,,,,,,
Kansas,Reno,20155,,,,,,,,3.09,,,,,,3.09
Kansas,Rice,20159,5,,,,,,5,,62.61,,,,,62.61
Kansas,Riley,20161,6,,,,,,6,0.25,1.55,,,,,1.8
Kansas,Rush,20165,,,,,,,,,16.97,,,,,16.97
Kansas,Russell,20167,,,,,,,,,,,,,,
Kansas,SCOTT,20171,2.4,,,,,,2.4,,,,,,,
Kansas,Sedgwick,20173,,,,,,,,,,0.3,,0.3,,0.3
Kansas,Shawnee,20177,,,,,,,,3.86,0.045,,,,,3.905
Kansas,Sherman,20181,12,,3.5,,3.5,3.5,15.5,,,,,,,
Kansas,Stafford,20185,2.4,,,,,,2.4,,,,,,,
Kansas,Sumner,20191,,,,,,,,,,,,,,
Kansas,Thomas,20193,,,,2,2,4,2,,,,,,,
Kansas,Wabaunsee,20197,,,,,,,,,,,,,,
Kansas,Wichita,20203,,,,,,,,,,,,,,
KENTUCKY,Adair,21001,36,2,,,,,38,,,,,,,
KENTUCKY,Allen,21003,48.25,,,,,,48.25,,,,,,,
KENTUCKY,Ballard,21007,,,,,,,,,,,,,,
KENTUCKY,Barren,21009,89.8,,,,,,89.8,28.75,,,,,,28.75
KENTUCKY,BATH,21011,,,,,,,,,,,,,,
KENTUCKY,Boone,21015,3.5,,,,,,3.5,,,,,,,
KENTUCKY,BOURBON,21017,10,,,,,,10,,,,3,3,,3
KENTUCKY,BOYLE,21021,67.48,,,,,,67.48,,,23.08,,23.08,,23.08
KENTUCKY,Bracken,21023,10,,,,,,10,2,,,,,,2
KENTUCKY,Breathitt,21025,5,,,,,,5,,,,,,,
KENTUCKY,Breckinridge,21027,29.4,,,,,,29.4,6.24,,,,,,6.24
KENTUCKY,BRKNRDGE,21027,,,,,,,,,,,,,,
KENTUCKY,Bullitt,21029,2,,,,,,2,,,,,,,
KENTUCKY,CALDWELL,21033,50,,,,,,50,67,,,,,,67
KENTUCKY,CALLOWAY,21035,663.61,125,,,,,788.61,315,14,,,,,329
KENTUCKY,Campbell,21037,2,,,,,,2,,,,,,,
KENTUCKY,Carlisle,21039,,,,,,,,,,,,,,
KENTUCKY,Carroll,21041,33.61,,,33.63,33.63,67.26,67.24,18.56,,,,,,18.56
KENTUCKY,Carter,21043,1.2,,,,,,1.2,,,,,,,
KENTUCKY,Casey,21045,,,,,,,,,,,,,,
KENTUCKY,CHRISTIAN,21047,905.49,,43.2,,43.2,43.2,948.69,163.4,,,8.05,8.05,,171.45
KENTUCKY,CLARK,21049,2.24,26.53,,5,5,10,33.77,,0.5,,,,,0.5
KENTUCKY,Clay,21051,,,,,,,,,,,,,,
KENTUCKY,Clinton,21053,0.5,,,,,,0.5,0.25,,,,,,0.25
KENTUCKY,Cumberland,21057,20,,,,,,20,12,,,,,,12
KENTUCKY,DAVIESS,21059,11.55,,,,,,11.55,66.08,,,,,,66.08
KENTUCKY,FAYETTE,21067,53.56,,,,,,53.56,19.5,,,4,4,,23.5
KENTUCKY,Fleming,21069,,4,,,,,4,,11,,,,,11
KENTUCKY,Franklin,21073,5,,,21.94,21.94,43.88,26.94,7,,,,,,7
KENTUCKY,Fulton,21075,,,,,,,,,,,,,,
KENTUCKY,Gallatin,21077,44.1,,,,,,44.1,38,,,,,,38
KENTUCKY,GARRARD,21079,67.25,,,,,,67.25,,,,,,,
KENTUCKY,GRANT,21081,,,,,,,,,,,,,,
KENTUCKY,Graves,21083,97.5,,,,,,97.5,101,,,,,,101
KENTUCKY,Grayson,21085,1.7,,,,,,1.7,,,,,,,
KENTUCKY,GREEN,21087,6.9,6.5,,,,,13.4,10,2,,,,,12
KENTUCKY,Greenup,21089,1,,,,,,1,,,,,,,
KENTUCKY,Hancock,21091,19.29,,,,,,19.29,,,,,,,
KENTUCKY,Hardin,21093,,,,,,,,,,,,,,
KENTUCKY,HARRISON,21097,116.66,,,,,,116.66,2,,,,,,2
KENTUCKY,HART,21099,,,,0.25,0.25,0.5,0.25,6.5,,,,,,6.5
KENTUCKY,Henderson,21101,2.75,,,,,,2.75,,,,,,,
KENTUCKY,HENRY,21103,20.25,,,6,6,12,26.25,1.75,,,,,,1.75
KENTUCKY,Hickman,21105,,,,71.97,71.97,143.94,71.97,,,,31.9,31.9,,31.9
KENTUCKY,Hopkins,21107,13.55,,20,,20,20,33.55,2,,,,,,2
KENTUCKY,JACKSON,21109,,,,,,,,,,,,,,
KENTUCKY,Jessamine,21113,,,,,,,,,,,,,,
KENTUCKY,Kenton,21117,,,,2.15,2.15,4.3,2.15,1,,,,,,1
KENTUCKY,LARUE,21123,,,,28.5,28.5,57,28.5,,,,,,,
KENTUCKY,LAUREL,21125,87.42,,,,,,87.42,,,,65,65,,65
KENTUCKY,Lewis,21135,,,,,,,,4,,,,,,4
KENTUCKY,LINCOLN,21137,13,,,,,,13,,,,,,,
KENTUCKY,LOGAN,21141,48.22,,,,,,48.22,,,,,,,
KENTUCKY,Lyon,21143,7,,,,,,7,,,,,,,
KENTUCKY,MADISON,21151,1,,,,,,1,,,,,,,
KENTUCKY,MARION,21155,42.7,,,,,,42.7,19,,,,,,19
KENTUCKY,Marshall,21157,25,,,,,,25,,,,,,,
KENTUCKY,MASON,21161,28.01,,,,,,28.01,1.1,,,,,,1.1
KENTUCKY,MC LEAN,21149,,,,,,,,,,,,,,
KENTUCKY,McCracken,21145,2,,,,,,2,,5,,,,,5
KENTUCKY,McLean,21149,116.96,,,,,,116.96,33.6,,,,,,33.6
KENTUCKY,Meade,21163,,,,,,,,,,,,,,
KENTUCKY,Menifee,21165,,,0.4,,0.4,0.4,0.4,,,,,,,
KENTUCKY,Mercer,21167,59.94,,,,,,59.94,,,,,,,
KENTUCKY,Metcalfe,21169,,,,,,,,,,,,,,
KENTUCKY,Monroe,21171,25.55,,,,,,25.55,,,,,,,
KENTUCKY,MONTGOMER,21173,,,,,,,,,,,,,,
KENTUCKY,Montgomery,21173,,20,,,,,20,,,,,,,
KENTUCKY,Muhlenberg,21177,,,,,,,,,,,,,,
KENTUCKY,NELSON,21179,,,88.1,,88.1,88.1,88.1,,,,,,,
KENTUCKY,NICHOLAS,21181,,,,,,,,,,,,,,
KENTUCKY,Ohio,21183,2.25,,,,,,2.25,0.25,,,,,,0.25
KENTUCKY,OLDHAM,21185,,13.5,,,,,13.5,1.1,56,3.9,,3.9,,61
KENTUCKY,Owen,21187,338.61,,,,,,338.61,237.56,,,,,,237.56
KENTUCKY,Owsley,21189,2,,,,,,2,,,,,,,
KENTUCKY,Pendleton,21191,2,,,,,,2,,,,,,,
KENTUCKY,Powell,21197,,,,,,,,,,,,,,
KENTUCKY,Pulaski,21199,0.5,,,,,,0.5,,,,,,,
KENTUCKY,ROBERTSON,21201,5,,,,,,5,,,,,,,
KENTUCKY,Rowan,21205,,,,,,,,,,,,,,
KENTUCKY,SCOTT,21209,107.91,,,,,,107.91,67.78,,,,,,67.78
KENTUCKY,SHELBY,21211,2,,,,,,2,,,,,,,
KENTUCKY,Simpson,21213,,,,,,,,,,,,,,
KENTUCKY,Spencer,21215,,,,,,,,,,,,,,
KENTUCKY,Taylor,21217,48,,,,,,48,27.01,,,,,,27.01
KENTUCKY,Todd,21219,35.44,,,,,,35.44,5.93,,,,,,5.93
KENTUCKY,Trigg,21221,102,2,0.5,,0.5,0.5,104.5,,,,,,,
KENTUCKY,Trimble,21223,4,,,,,,4,2,,,,,,2
KENTUCKY,Union,21225,12.35,,,,,,12.35,,,,,,,
KENTUCKY,Warren,21227,48.22,,,,,,48.22,,,,,,,
KENTUCKY,Washington,21229,6.5,,,,,,6.5,,,,1,1,,1
KENTUCKY,WASHNGTON,21229,,,,,,,,,,,,,,
KENTUCKY,Webster,21233,1,,,,,,1,,,,,,,
KENTUCKY,Wolfe,21237,,,,,,,,,,,,,,
KENTUCKY,WOODFORD,21239,0.5,,,4.5,4.5,9,5,,,,,,,
Louisiana,Acadia,22001,6.88,,,,,,6.88,0.0338,,,,,,0.0338
Louisiana,Allen,22003,1,4,,,,,5,,,,,,,
Louisiana,Ascension,22005,2.08,,,,,,2.08,0.17,,,,,,0.17
Louisiana,Assumption,22007,1.23,,,,,,1.23,,,,,,,
Louisiana,Avoyelles,22009,3.57,,,,,,3.57,0.15,,,,,,0.15
Louisiana,Beauregard,22011,7.0759,,,,,,7.0759,,,,,,,
Louisiana,Caddo,22017,1.4771,0.08,,,,,1.5571,,,,,,,
Louisiana,Calcasieu,22019,15.54,,,,,,15.54,0.0491,,,,,,0.0491
Louisiana,Claiborne,22027,0.406,,,,,,0.406,,,,,,,
Louisiana,De Soto,22031,0.18,,,,,,0.18,0.267,,,,,,0.267
Louisiana,East Baton Rouge,22033,,,,,,,,0.0004,0.4996,,,,,0.5
Louisiana,East Feliciana,22037,0.1296,,,,,,0.1296,0.102,,,,,,0.102
Louisiana,Evangeline,22039,114.64,,,,,,114.64,27.75,,,,,,27.75
Louisiana,Franklin,22041,,32.98,,,,,32.98,1.5473,,,0.002,0.002,,1.5493
Louisiana,Iberia,22045,,,,,,,,0.0304,,,,,,0.0304
Louisiana,Iberville,22047,3,,,0.2347,0.2347,0.4694,3.2347,,,,0.1161,0.1161,,0.1161
Louisiana,Lafayette,22055,4.6348,,,,,,4.6348,0.0976,,,,,,0.0976
Louisiana,LINCOLN,22061,2.59,,,,,,2.59,0.01,,,,,,0.01
Louisiana,Livingston,22063,0.886,,,,,,0.886,0.0034,,,,,,0.0034
Louisiana,MADISON,22065,,173.22,,,,,173.22,,,,,,,
Louisiana,Morehouse,22067,7,,,,,,7,,,,,,,
Louisiana,Ouachita,22073,0.5403,21,3,,3,3,24.5403,,0.285,,,,,0.285
Louisiana,Pointe Coupee,22077,1,,,,,,1,,,,,,,
Louisiana,Rapides,22079,48.04,,,,,,48.04,,,,0.103,0.103,,0.103
Louisiana,Richland,22083,,,,,,,,1,,,,,,1
Louisiana,St. Charles,22089,6.4,,,,,,6.4,,,,,,,
Louisiana,St. Landry,22097,12.0365,,,,,,12.0365,9.3965,,0.11,,0.11,,9.5065
Louisiana,St. Martin,22099,2.1092,,,0,0,0,2.1092,4.22,,,,,,4.22
Louisiana,St. Tammany,22103,0.0692,,,0.7521,0.7521,1.5042,0.8213,0.0608,,,0.8645,0.8645,0.0013,0.9266
Louisiana,Tangipahoa,22105,0.41,,,,,,0.41,,,,,,,
Louisiana,Terrebonne,22109,5.904,,,,,,5.904,0.0494,,,,,,0.0494
Louisiana,Vermilion,22113,1.8939,,,,,,1.8939,0.497,,,,,,0.497
Louisiana,Vernon,22115,0.61,,,,,,0.61,0.25,,,,,,0.25
Louisiana,Washington,22117,14.8974,,,,,,14.8974,,,,,,,
Louisiana,West Baton Rouge,22121,5.05,,,,,,5.05,,,,0.0184,0.0184,,0.0184
Louisiana,West Feliciana,22125,4.45,,,,,,4.45,,,,,,,
Maine,Androscoggin,23001,,,,,,,,,,,,,,
Maine,Cumberland,23005,,,,,,,,,,,,,,
Maine,Fort Kent,23004,,,,,,,,,,,,,,
Maine,Franklin,23007,,,,,,,,,,,,,,
Maine,Houlton,23002,,,,,,,,,,,,,,
Maine,Kennebec,23011,,2,,,,,2,,,,,,,
Maine,Penobscot,23019,5,,,,,,5,,,,,,,
Maine,Piscataquis,23021,2,,,,,,2,,,,,,,
Maine,Somerset,23025,12.47,,,,,,12.47,,,,,,,
Maine,Waldo,23027,,,,,,,,,,,,,,
Maine,Washington,23029,22.4,,,,,,22.4,,,,,,,
Maryland,Carroll,24013,0.109,,,,,,0.109,5.9,,,,,,5.9
Maryland,Cecil,24015,2,,,,,,2,,,,,,,
Maryland,Charles,24017,,,,,,,,0.0001,,,,,,0.0001
Maryland,Dorchester,24019,,,,,,,,2.19,,,,,,2.19
Maryland,Frederick,24021,17.3,,,,,,17.3,,,,,,,
Maryland,Garrett,24023,,,,,,,,0.0182,,,,,,0.0182
Maryland,Harford,24025,,,,,,,,,,,,,,
Maryland,Howard,24027,,,,,,,,,,,,,,
Maryland,Kent,24029,2,,,,,,2,,,,,,,
Maryland,Queen Anne&#39;s,24035,,0.87,,,,,0.87,,4.1,,,,,4.1
Maryland,Somerset,24039,10,,,,,,10,,,,,,,
Maryland,Talbot,24041,,,,,,,,7.22,,,,,,7.22
Maryland,Washington,24043,,,,,,,,,,,,,,
Maryland,Wicomico,24045,14,,,4.31,4.31,8.62,18.31,4.42,,,,,,4.42
Massachusetts,Barnstable,25001,0.09,,,,,,0.09,,,,,,,
Massachusetts,Berkshire,25003,8.14,,,,,,8.14,8.97,,,,,,8.97
Massachusetts,Bristol,25005,12.63,0.12,0.12,0.1,0.22,0.32,12.97,0.23,1.04,,,,,1.27
Massachusetts,Essex,25009,0.123,,,,,,0.123,0.01,,,,,,0.01
Massachusetts,Franklin,25011,74.1804,,,0.0011,0.0011,0.0022,74.1815,28.5972,,,,,,28.5972
Massachusetts,Hampden,25013,29.1085,,,,,,29.1085,20.6029,,,,,,20.6029
Massachusetts,Hampshire,25015,14.8435,,,,,,14.8435,4.325,,,,,,4.325
Massachusetts,Middlesex,25017,4.885,,,,,,4.885,5.034,,,,,,5.034
Massachusetts,Nantucket,25019,0.11,,,,,,0.11,0.69,,,,,,0.69
Massachusetts,Norfolk,25021,0.083,,,,,,0.083,0.07,,0.03,,0.03,,0.1
Massachusetts,Plymouth,25023,9.04,,,,,,9.04,11.81,,,,,,11.81
Massachusetts,Worcester,25027,15.011,,,,,,15.011,5.104,,,,,,5.104
Michigan,Allegan,26005,,,,,,,,0.25,,,,,,0.25
Michigan,Antrim,26009,,,,,,,,0.36,,,,,,0.36
Michigan,Arenac,26011,,,,,,,,,,,,,,
Michigan,Barry,26015,,,,,,,,0.22,,,,,,0.22
Michigan,Bay,26017,11.68,,,,,,11.68,,,32.01,,32.01,,32.01
Michigan,Benzie,26019,,,,,,,,,,,,,,
Michigan,Berrien,26021,0.5,,,,,,0.5,,,,12,12,,12
Michigan,Branch,26023,12.61,,,,,,12.61,,,,,,,
Michigan,Calhoun,26025,1,,,,,,1,0,,,,,0.05,0.05
Michigan,Cheboygan,26031,,,,,,,,,,,,,,
Michigan,Chippewa,26033,3.74,,,,,,3.74,0.899,,,,,,0.899
Michigan,Clare,26035,62.66,,,,,,62.66,,,,,,,
Michigan,Clinton,26037,,,,,,,,,7.05,,,,,7.05
Michigan,Delta,26041,,,,,,,,,,,,,,
Michigan,Eaton,26045,,,,,,,,,,,,,,
Michigan,Genesee,26049,,13.04,,,,,13.04,15,,,,,,15
Michigan,Gladwin,26051,,,,,,,,,,,,,,
Michigan,Grand Traverse,26055,10.73,,,,,,10.73,6.4,,,,,,6.4
Michigan,Hillsdale,26059,,,,,,,,0.76,,,,,,0.76
Michigan,Huron,26063,48.11,,3.86,8.25,12.11,20.36,60.22,,,,40.48,40.48,,40.48
Michigan,Ingham,26065,,,,,,,,0.75,0.71,,0.26,0.26,,1.72
Michigan,Iosco,26069,,,,,,,,,,,,,,
Michigan,Isabella,26073,222.79,,,,,,222.79,3.625,5,,,,,8.625
Michigan,JACKSON,26075,,,,,,,,6.179,,,,,,6.179
Michigan,Kalamazoo,26077,1,,,,,,1,0.99,,,,,,0.99
Michigan,Kalkaska,26079,,,,,,,,1.84,,,,,,1.84
Michigan,Kent,26081,,,,,,,,1,,,,,,1
Michigan,Lake,26085,,,,,,,,8,,,,,,8
Michigan,Lapeer,26087,,,,,,,,,,,,,,
Michigan,Leelanau,26089,,,,,,,,1.37,,,,,,1.37
Michigan,Lenawee,26091,2,,,,,,2,3.5,1.5,,,,,5
Michigan,Livingston,26093,,,,,,,,0.364,,,,,,0.364
Michigan,Macomb,26099,,,,,,,,,,,,,,
Michigan,Manistee,26101,13.2,,,,,,13.2,1.0219,,,,,,1.0219
Michigan,Marquette,26103,,,,,,,,,,11.5,,11.5,,11.5
Michigan,Mecosta,26107,11.84,,,,,,11.84,,,,,,,
Michigan,Menominee,26109,,10,,,,,10,0.06,19.4,,,,,19.46
Michigan,Midland,26111,23,,,,,,23,2.5,,,,,,2.5
Michigan,Monroe,26115,26.56,,,,,,26.56,,,,,,,
Michigan,Montcalm,26117,4,,,,,,4,,,,,,,
Michigan,Montmorency,26119,1,,,,,,1,,,,,,,
Michigan,Muskegon,26121,,,,,,,,2,,,,,,2
Michigan,Newaygo,26123,9.41,,,,,,9.41,2.6,,,,,,2.6
Michigan,Oakland,26125,8.75,,,,,,8.75,,,,,,,
Michigan,Oceana,26127,66.62,7.56,,,,,74.18,,,,,,,
Michigan,Osceola,26133,,,,16,16,32,16,24,,,,,,24
Michigan,Oscoda,26135,,,,,,,,0.06,,,,,,0.06
Michigan,Ottawa,26139,,,,,,,,2.75,,,0.03,0.03,,2.78
Michigan,Saginaw,26145,,11.28,,,,,11.28,,,,,,,
Michigan,Sanilac,26151,42.6,,,,,,42.6,115.86,,,,,,115.86
Michigan,Shiawassee,26155,34.76,,,,,,34.76,14.76,,,,,,14.76
Michigan,St. Clair,26147,,4,,,,,4,,,,,,,
Michigan,St. Joseph,26149,564.45,,,,,,564.45,,11.3,,,,,11.3
Michigan,Tuscola,26157,53.99,,503.86,14.78,518.64,533.42,572.63,202.46,65.25,,402.12,402.12,,669.83
Michigan,Van Buren,26159,8.21,,,,,,8.21,3.634,,,,,,3.634
Michigan,Washtenaw,26161,,,,,,,,141.01,,14.81,,14.81,,155.82
Michigan,Wayne,26163,,,,,,,,0.5,,,,,,0.5
MINNESOTA,Aitkin,27001,0.48,,,,,,0.48,5.75,2.78,,,,,8.53
MINNESOTA,Anoka,27003,2.41,,,,,,2.41,0.65,,,,,,0.65
MINNESOTA,Becker,27005,,,,,,,,0.3,,,,,,0.3
MINNESOTA,Beltrami,27007,0.23,,,,,,0.23,1.351,,,,,,1.351
MINNESOTA,Benton,27009,0.0203,,,,,,0.0203,0.1092,,,,,,0.1092
MINNESOTA,Blue Earth,27013,8,,,,,,8,2.25,,,,,,2.25
MINNESOTA,Brown,27015,,,87.39,,87.39,87.39,87.39,,,,,,,
MINNESOTA,Carlton,27017,3.94,,,,,,3.94,0.05,3,,,,,3.05
MINNESOTA,Carver,27019,6.25,,,,,,6.25,2.78,1.2,7.2,1.2,8.4,,12.38
MINNESOTA,Cass,27021,1,,,,,,1,,,,,,,
MINNESOTA,Chippewa,27023,,0.12,,,,,0.12,0.01,41,,,,,41.01
MINNESOTA,Chisago,27025,3.9013,,,,,,3.9013,3.4436,,,,,,3.4436
MINNESOTA,Clay,27027,38.6,,1.5,9.46,10.96,20.42,49.56,2,,79.12,,79.12,,81.12
MINNESOTA,Cook,27031,,,,,,,,0.0098,,,,,,0.0098
MINNESOTA,Cottonwood,27033,,,,,,,,,,,,,,
MINNESOTA,Crow Wing,27035,0.5,,,,,,0.5,9.4,,,,,,9.4
MINNESOTA,Dakota,27037,51.5,,,,,,51.5,7.5925,,,1.3107,1.3107,,8.9032
MINNESOTA,Dodge,27039,3.19,,,,,,3.19,,,,,,,
MINNESOTA,Douglas,27041,,,,,,,,3.0097,,,,,,3.0097
MINNESOTA,East Otter Tail,27111,22.57,,,57.26,57.26,114.52,79.83,12.461,,,,,,12.461
MINNESOTA,East Polk,27119,,,,,,,,0.07,,,,,,0.07
MINNESOTA,Faribault,27043,16.81,,,,,,16.81,1.8504,,,0.25,0.25,,2.1004
MINNESOTA,Fillmore,27045,2.12,,,72.2,72.2,144.4,74.32,0.27,,,,,,0.27
MINNESOTA,Freeborn,27047,6,,,,,,6,2.2006,2,,,,,4.2006
MINNESOTA,Goodhue,27049,1.98,,,,,,1.98,12.31,0.99,,,,,13.3
MINNESOTA,GRANT,27051,,,9.6,,9.6,9.6,9.6,0.67,,,,,,0.67
MINNESOTA,Hennepin,27053,11.21,,,,,,11.21,3.37,,,,,,3.37
MINNESOTA,Houston,27055,15.71,,,,,,15.71,9.44,,,,,,9.44
MINNESOTA,Hubbard,27057,4.87,,,,,,4.87,11.68,,,,,,11.68
MINNESOTA,Isanti,27059,0.08,2.03,,,,,2.11,0.7227,,,,,,0.7227
MINNESOTA,Itasca,27061,0.0002,,,,,,0.0002,0.09,,,,,,0.09
MINNESOTA,JACKSON,27063,,,,,,,,2.8,,,,,,2.8
MINNESOTA,Kanabec,27065,6.5,,,,,,6.5,0.0012,3,,,,,3.0012
MINNESOTA,Kandiyohi,27067,,,,,,,,0.0437,,,,,,0.0437
MINNESOTA,Kittson,27069,,,,,,,,0.0275,,,,,,0.0275
MINNESOTA,Lac qui Parle,27073,,30.08,,,,,30.08,,,,,,,
MINNESOTA,Lake,27075,,,,,,,,0.36,,,,,,0.36
MINNESOTA,Le Sueur,27079,82.74,,,,,,82.74,,,,,,,
MINNESOTA,Lyon,27083,,,,,,,,0.5,,,,,,0.5
MINNESOTA,Mahnomen,27087,,,,19.92,19.92,39.84,19.92,,,,,,,
MINNESOTA,Marshall,27089,,,30,371.1,401.1,772.2,401.1,,,119.96,,119.96,,119.96
MINNESOTA,Martin,27091,41.54,,,,,,41.54,4.55,5.82,,,,,10.37
MINNESOTA,McLeod,27085,,7,,,,,7,15.12,2,,,,,17.12
MINNESOTA,Meeker,27093,8,,,,,,8,4.51,,,,,,4.51
MINNESOTA,Mille Lacs,27095,1.136,,,,,,1.136,1.7499,,,,,,1.7499
MINNESOTA,Morrison,27097,,,,,,,,0.0001,,,,,,0.0001
MINNESOTA,Mower,27099,8.21,,,,,,8.21,6.53,,,49.899,49.899,,56.429
MINNESOTA,Murray,27101,,,67.37,,67.37,67.37,67.37,0.75,,,,,,0.75
MINNESOTA,Nicollet,27103,,30,,,,,30,2.93,,,,,,2.93
MINNESOTA,Nobles,27105,,,,,,,,,,,,,,
MINNESOTA,Norman,27107,58.8,,,,,,58.8,28.4,,2.59,24.5,27.09,,55.49
MINNESOTA,North St. Louis,27137,,,,,,,,0.268,,,,,,0.268
MINNESOTA,Olmsted,27109,16.94,,,,,,16.94,,5.25,,,,,5.25
MINNESOTA,Pennington,27113,105.9,,,,,,105.9,0.147,,221.88,,221.88,,222.027
MINNESOTA,Pine,27115,3.5,,,,,,3.5,24.5243,,,0.1153,0.1153,,24.6396
MINNESOTA,Ramsey,27123,0.02,,,0.5344,0.5344,1.0688,0.5544,0.2239,,,0.4469,0.4469,,0.6708
MINNESOTA,Red Lake,27125,102.41,,20,,20,20,122.41,,,0.12,,0.12,,0.12
MINNESOTA,Redwood,27127,,50,,,,,50,65.442,,,0,0,,65.442
MINNESOTA,Renville,27129,,121.58,,,,,121.58,0.5,10.9,,,,,11.4
MINNESOTA,Rice,27131,,,,,,,,0.95,,,,,,0.95
MINNESOTA,Rock,27133,3.55,,,,,,3.55,,,,,,,
MINNESOTA,Roseau,27135,,,498.84,443.66,942.5,1386.16,942.5,380,,266.41,,266.41,,646.41
MINNESOTA,SCOTT,27139,,,,,,,,0.05,,,,,,0.05
MINNESOTA,Sherburne,27141,20.1,,,,,,20.1,3.79,,,,,,3.79
MINNESOTA,Sibley,27143,,,,,,,,,,,,,,
MINNESOTA,South St. Louis,27138,,,,,,,,8.7785,,,,,,8.7785
MINNESOTA,Stearns,27145,149.43,,,,,,149.43,54.22,11,,,,,65.22
MINNESOTA,Steele,27147,,,,,,,,0.102,,,,,,0.102
MINNESOTA,Stevens,27149,,,,,,,,,,,,,,
MINNESOTA,Swift,27151,,,,,,,,0.01,,,,,,0.01
MINNESOTA,Todd,27153,122.93,,,,,,122.93,412.72,,,,,,412.72
MINNESOTA,Traverse,27155,,,,,,,,,,,,,,
MINNESOTA,Wabasha,27157,0.2,3.5,,,,,3.7,0.2,,22.4,,22.4,,22.6
MINNESOTA,Wadena,27159,,0.99,,,,,0.99,,0.5,,,,,0.5
MINNESOTA,Waseca,27161,,,,,,,,,,,,,,
MINNESOTA,WASHINGTO,27163,,,,,,,,,,,,,,
MINNESOTA,Washington,27163,0.5013,5,11.17,,11.17,11.17,16.6713,1.4932,,10.4,0.214,10.614,,12.1072
MINNESOTA,West Otter Tail,27112,40.67,,,,,,40.67,0.169,,,,,,0.169
MINNESOTA,West Polk,27120,0.91,,103,463.96,566.96,1030.92,567.87,0.0569,,,1.2,1.2,,1.2569
MINNESOTA,Wilkin,27167,0.5,,150,,150,150,150.5,2.74,,,98.64,98.64,,101.38
MINNESOTA,Winona,27169,0.62,,,,,,0.62,,,,,,,
MINNESOTA,Wright,27171,27.419,,,,,,27.419,42.48,,,,,,42.48
MINNESOTA,Yellow Medicine,27173,,,,,,,,0.23,,,,,,0.23
Mississippi,Adams,28001,,,,,,,,0.533,,,,,,0.533
Mississippi,Bolivar,28011,,,,,,,,0.54,,,,,,0.54
Mississippi,Clarke,28023,,,,,,,,0.0028,,,,,,0.0028
Mississippi,Forrest,28035,,,,,,,,0.11,,,0.0012,0.0012,,0.1112
Mississippi,George,28039,,,,,,,,0.58,,,,,,0.58
Mississippi,Greene,28041,,,,,,,,0.5045,,,,,,0.5045
Mississippi,Hancock,28045,,,,,,,,0.1272,,,,,,0.1272
Mississippi,Hinds,28049,,,,,,,,0.0047,3.006,,,,,3.0107
Mississippi,Itawamba,28057,,,,,,,,0.102,,,,,,0.102
Mississippi,JACKSON,28059,,,,,,,,0.25,,,,,,0.25
Mississippi,Jasper,28061,,,,,,,,0.0587,,,,,,0.0587
Mississippi,Jefferson Davis,28065,,,,,,,,0.0022,0.0034,,,,,0.0056
Mississippi,Jones,28067,,,,,,,,0.0402,,,0.0035,0.0035,,0.0437
Mississippi,Kemper,28069,,,,,,,,0.023,,,,,,0.023
Mississippi,Lafayette,28071,,,,,,,,,0,,,,,0
Mississippi,Lamar,28073,,,,,,,,0.0021,,,,,,0.0021
Mississippi,Lauderdale,28075,,,,,,,,15.16,,,,,,15.16
Mississippi,Leake,28079,,,,,,,,0.0029,4,,,,,4.0029
Mississippi,Lee,28081,,,,,,,,5.2645,,,,,,5.2645
Mississippi,LINCOLN,28085,,,,,,,,0.01,,,,,,0.01
Mississippi,MADISON,28089,,,,,,,,0.0022,,,,,,0.0022
Mississippi,MARION,28091,,,,,,,,0.0393,,,,,,0.0393
Mississippi,Montgomery,28097,,,,,,,,1.23,,,,,,1.23
Mississippi,Newton,28101,,,,,,,,0.23,,,,,,0.23
Mississippi,Oktibbeha,28105,,,,,,,,0.18,,,,,,0.18
Mississippi,Pearl River,28109,,,,,,,,0.01,0.2,,,,,0.21
Mississippi,Pontotoc,28115,,,,,,,,0.005,0.259,,,,,0.264
Mississippi,Rankin,28121,,,,,,,,0.0946,,,,,,0.0946
Mississippi,SCOTT,28123,,,,,,,,1.0935,,,,,,1.0935
Mississippi,Simpson,28127,,,,,,,,0.02,,,,,,0.02
Mississippi,Sunflower,28133,,,,,,,,3,,,,,,3
Mississippi,Tallahatchie,28135,,,,,,,,0.084,5.95,,,,,6.034
Mississippi,Tate,28137,,,,,,,,0.5451,,,,,,0.5451
Mississippi,Union,28145,,,,,,,,2,,,,,,2
Mississippi,Walthall,28147,,,,,,,,0.3857,,,,,,0.3857
Mississippi,Warren,28149,,,,,,,,0.338,0.002,,,,,0.34
Missouri,Atchison,29005,,0.52,,,,,0.52,,0.17,,,,,0.17
Missouri,Barry,29009,1.4,,,,,,1.4,,,,,,,
Missouri,Barton,29011,,,,,,,,77,,,,,,77
Missouri,Bates,29013,12.22,,,,,,12.22,10.27,,,,,,10.27
Missouri,Bollinger,29017,,,,,,,,,102.9,,,,,102.9
Missouri,Boone,29019,0.11,,1.09,,1.09,1.09,1.2,1.913,,,,,,1.913
Missouri,Buchanan,29021,39.87,,,,,,39.87,,,,,,,
Missouri,Butler,29023,15.5,,,,,,15.5,4,,,,,,4
Missouri,Callaway,29027,0.07,,,,,,0.07,0.07,,,,,,0.07
Missouri,Cape Girardeau,29031,,27.12,,,,,27.12,,81.9,,,,,81.9
Missouri,Cass,29037,11.92,,,,,,11.92,0.34,,,,,,0.34
Missouri,Chariton,29041,,,5,0.17,5.17,5.34,5.17,,,,0.17,0.17,,0.17
Missouri,CHRISTIAN,29043,2,,,,,,2,,,,,,,
Missouri,CLARK,29045,,,,,,,,1,,,,,,1
Missouri,Clay,29047,3.381,,,,,,3.381,0.0099,,,,,,0.0099
Missouri,Clinton,29049,1,,,,,,1,3.2,,,,,,3.2
Missouri,Cole,29051,,,,,,,,5.0746,,,,,,5.0746
Missouri,Cooper,29053,,,,,,,,,,,0.1,0.1,,0.1
Missouri,DeKalb,29063,0.25,,,,,,0.25,,,,,,,
Missouri,Douglas,29067,0.0138,,,,,,0.0138,0.029,,,,,,0.029
Missouri,Dunklin,29069,55,,,,,,55,,,,,,,
Missouri,Franklin,29071,21.31,,,,,,21.31,20.07,,,,,,20.07
Missouri,Gasconade,29073,71.55,,,,,,71.55,2,,,,,,2
Missouri,Gentry,29075,,1.63,,,,,1.63,,0.6,,,,,0.6
Missouri,Greene,29077,8.787,,,,,,8.787,,,,,,,
Missouri,Grundy,29079,3.5,,,,,,3.5,,,,,,,
Missouri,HARRISON,29081,0.1,,,,,,0.1,,,,,,,
Missouri,Holt,29087,2,,,,,,2,,,,,,,
Missouri,Howell,29091,,,,44,44,88,44,,,,67.35,67.35,,67.35
Missouri,JACKSON,29095,0.57,,,,,,0.57,,,,,,,
Missouri,Jasper,29097,10.635,,,0.045,0.045,0.09,10.68,3.135,,,0.045,0.045,,3.18
Missouri,Jefferson,29099,0.041,,,,,,0.041,0.19,,,,,,0.19
Missouri,Johnson,29101,1,,,,,,1,,,,,,,
Missouri,Knox,29103,,0.89,,,,,0.89,,,,1.85,1.85,,1.85
Missouri,Lafayette,29107,29.19,,,,,,29.19,31.76,1,,,,,32.76
Missouri,Lawrence,29109,5,,,,,,5,11,,,,,,11
Missouri,Linn,29115,,,,2.35,2.35,4.7,2.35,,1.8,,0.32,0.32,,2.12
Missouri,MACON,29121,,,,,,,,1.803,,,,,,1.803
Missouri,MARION,29127,,7.8,,,,,7.8,,,,,,,
Missouri,McDonald,29119,1.5,,,,,,1.5,,,,,,,
Missouri,Miller,29131,1.001,,,,,,1.001,,,,,,,
Missouri,Moniteau,29135,9.5,,,,,,9.5,3.1,,,,,,3.1
Missouri,Montgomery,29139,27.772,1.5,,0.3,0.3,0.6,29.572,3,,,,,,3
Missouri,Newton,29145,,,,,,,,8,,,,,,8
Missouri,Nodaway,29147,0.5,,,,,,0.5,3,60.79,,,,,63.79
Missouri,Oregon,29149,1.2,,,18.92,18.92,37.84,20.12,0.86,,,,,,0.86
Missouri,Osage,29151,6,10,,,,,16,16,,,,,,16
Missouri,Ozark,29153,,,,0.6,0.6,1.2,0.6,,,,,,,
Missouri,Platte,29165,12.22,150,,,,,162.22,20.17,,,,,,20.17
Missouri,Polk,29167,2.2264,,,,,,2.2264,0.0134,,,,,,0.0134
Missouri,Reynolds,29179,2.5,,,,,,2.5,2.991,,,,,,2.991
Missouri,Saline,29195,2.15,,,,,,2.15,,,,,,,
Missouri,SCOTT,29201,1.06,89.84,,,,,90.9,,515.7,,,,,515.7
Missouri,Shannon,29203,,,,,,,,0.016,,,,,,0.016
Missouri,St. Charles,29183,16.7,,,,,,16.7,55.14,,,,,,55.14
Missouri,St. Louis,29189,,,,4.23,4.23,8.46,4.23,,,,,,0.2,0.2
Missouri,Ste. Genevieve,29193,3,,,,,,3,,,,,,,
Missouri,Vernon,29217,,,10,,10,10,10,195.2,,,,,,195.2
Missouri,Warren,29219,5.43,,,,,,5.43,6.92,,,,,,6.92
Missouri,Webster,29225,0.0275,,,,,,0.0275,,,,,,,
Missouri,Wright,29229,4.33,,,,,,4.33,5.45,,,,,,5.45
Montana,Beaverhead,30001,14,,,,,,14,,,,,,,
Montana,Blaine,30005,,,,257.81,257.81,515.62,257.81,,,,,,0.25,0.25
Montana,Carbon,30009,,,,,,,,,30.87,,209.84,209.84,,240.71
Montana,Carter,30011,,,,,,,,1099.36,,,,,,1099.36
Montana,Cascade,30013,472.35,,160.19,554.65,714.84,1269.49,1187.19,,,,,,,
Montana,Chouteau,30015,134.4,,58.67,1230.24,1288.91,2519.15,1423.31,10,169.89,662.66,28,690.66,,870.55
Montana,Custer,30017,,,,167.23,167.23,334.46,167.23,,,,,,,
Montana,Daniels,30019,733.4,,,,,,733.4,546.68,,,,,,546.68
Montana,Dawson,30021,,,,,,,,,,,,,,
Montana,Fallon,30025,,,,,,,,,,,,,,
Montana,Fergus,30027,,,194.83,,194.83,194.83,194.83,,,,,,,
Montana,Flathead,30029,6,,,,,,6,,,,,,,
Montana,Glacier,30035,,,,115.65,115.65,231.3,115.65,,,,,,,
Montana,Golden Valley,30037,,,,,,,,,,,,,,
Montana,Hill,30041,,,,,,,,,206,,94.12,94.12,,300.12
Montana,Judith Basin,30045,,,,,,,,,,,,,,
Montana,Lewis and Clark,30049,34.03,,96.83,,96.83,96.83,130.86,,,,,,,
Montana,Liberty,30051,,,,885.7,885.7,1771.4,885.7,,113.09,,,,,113.09
Montana,LINCOLN,30053,,,,,,,,0.04,,,,,,0.04
Montana,MADISON,30057,,,,,,,,,,,,,,
Montana,Meagher,30059,,,,,,,,,,,,,,
Montana,Phillips,30071,,,,477.69,477.69,955.38,477.69,,,,33.33,33.33,,33.33
Montana,Pondera,30073,,,323.74,,323.74,323.74,323.74,,,,154.61,154.61,,154.61
Montana,Powell,30077,78.65,,,,,,78.65,,,,,,,
Montana,Prairie,30079,,,,,,,,,,,,,,
Montana,Ravalli,30081,2,,,,,,2,,,82.92,,82.92,,82.92
Montana,Richland,30083,,,279.47,,279.47,279.47,279.47,,,,,,,
Montana,Roosevelt,30085,,,725.21,,725.21,725.21,725.21,,,38.54,598.66,637.2,,637.2
Montana,Sheridan,30091,,,,,,,,,,,,,,
Montana,Teton,30099,494.03,,1367.56,374.95,1742.51,2117.46,2236.54,,71.29,487.64,217.71,705.35,,776.64
Montana,Toole,30101,,,,,,,,,,,,,,
Montana,Valley,30105,,,1676.18,,1676.18,1676.18,1676.18,,246.87,670.97,60,730.97,,977.84
Montana,Wheatland,30107,,,,,,,,,,,,,,
Montana,Yellowstone,30111,,,,,,,,,,,,,,
Nebraska,Adams,31001,1.56,,,,,,1.56,,,,,,,
Nebraska,Antelope,31003,,14,,,,,14,,,,,,,
Nebraska,Banner,31007,1,,,,,,1,0.5,,,,,,0.5
Nebraska,Box Butte,31013,,13.69,,,,,13.69,,53,,,,,53
Nebraska,Buffalo,31019,0.1918,,,,,,0.1918,53.25,,,,,,53.25
Nebraska,Burt,31021,,11.68,,,,,11.68,,,,,,,
Nebraska,Butler,31023,0.156,,,,,,0.156,0.133,,,,,,0.133
Nebraska,Cass,31025,0.8,,,,,,0.8,0.09,,,,,,0.09
Nebraska,Cedar,31027,,,,1,1,2,1,,,,1,1,,1
Nebraska,Cherry,31031,0.0275,,,28.15,28.15,56.3,28.1775,1.0275,,,6.55,6.55,,7.5775
Nebraska,CHEYENNE,31033,0.1,,,,,,0.1,0.1,10,,,,,10.1
Nebraska,"Dawes, North Sioux",31045,,,,,,,,0.1,,,,,,0.1
Nebraska,Dawson,31047,1.15,,,,,,1.15,,,,,,,
Nebraska,Dodge,31053,,,13.54,,13.54,13.54,13.54,15.24,24.24,,,,,39.48
Nebraska,Douglas,31055,0.2456,,,,,,0.2456,0.2981,,,,,,0.2981
Nebraska,Furnas,31065,,,,,,,,,6.7,,,,,6.7
Nebraska,Gage,31067,6.766,,,,,,6.766,2.31,,,,,,2.31
Nebraska,Gosper,31073,2.633,,,,,,2.633,0.64,,,,,,0.64
Nebraska,Hall,31079,1,,,,,,1,,,,,,,
Nebraska,Hamilton,31081,0.5,,,,,,0.5,,0.65,,,,,0.65
Nebraska,Hitchcock,31087,9,,,,,,9,,,,,,,
Nebraska,Holt,31089,,,,,,,,,,,,,,
Nebraska,Jefferson,31095,0.234,,,,,,0.234,0.15,,,,,,0.15
Nebraska,Johnson,31097,,1.5,,,,,1.5,,1.5,,,,,1.5
Nebraska,Keith,31101,67.75,4.3,10,,10,10,82.05,11,,,,,,11
Nebraska,Knox,31107,0.45,,,,,,0.45,,,,,,,
Nebraska,Lancaster,31109,30.348,,0.001,,0.001,0.001,30.349,1.2582,0.77,,,,,2.0282
Nebraska,LOGAN,31113,6.73,,,,,,6.73,,,,,,,
Nebraska,Morrill,31123,0.03,,,,,,0.03,,,,,,,
Nebraska,Otoe,31131,0.25,3,,,,,3.25,0.2,7.6,,,,,7.8
Nebraska,Pawnee,31133,0.0134,,,,,,0.0134,,,,,,,
Nebraska,Perkins,31135,0.22,,,,,,0.22,0.371,,,,,,0.371
Nebraska,Phelps,31137,2,,,,,,2,1,,,,,,1
Nebraska,Pierce,31139,6,,,,,,6,0.4,,,,,,0.4
Nebraska,Platte,31141,13.34,,,,,,13.34,,,27.305,,27.305,,27.305
Nebraska,Red Willow,31145,11.32,2,,,,,13.32,11.15,,,,,,11.15
Nebraska,Richardson,31147,,18,,,,,18,,10,,,,,10
Nebraska,Saline,31151,,,,,,,,0.12,,,,,,0.12
Nebraska,Sarpy,31153,0.78,,,,,,0.78,0.4499,,,,,,0.4499
Nebraska,Saunders,31155,2.024,,,,,,2.024,3.4,,,,,,3.4
Nebraska,Scotts Bluff,31157,1.979,,,,,,1.979,1.5,,,,,,1.5
Nebraska,Seward,31159,3.67,10,0.0278,,0.0278,0.0278,13.6978,0.43,,,,,,0.43
Nebraska,Sheridan,31161,3.302,,125.82,,125.82,125.82,129.122,6,,,,,,6
Nebraska,Washington,31177,0.1033,,,,,,0.1033,,,,,,,
Nebraska,York,31185,1,,,,,,1,,,,,,,
NEVADA,Churchill,32001,14.7,,,,,,14.7,4,,5.32,,5.32,,9.32
NEVADA,Douglas,32005,7.4,,,,,,7.4,,,,,,,
NEVADA,Elko,32007,2,,,,,,2,,,,,,,
NEVADA,Eureka,32011,,0.7,,,,,0.7,,,,,,,
NEVADA,HUMBOLDT,32013,,,,,,,,,,,,,,
NEVADA,Lander,32015,23.18,,,,,,23.18,,,,,,,
NEVADA,Lyon,32019,6.51,,,,,,6.51,,,,,,,
NEVADA,Pershing,32027,0.17,,,,,,0.17,,,,,,,
NEVADA,Southeast Nye,32035,2.19,,,,,,2.19,,,,,,,
NEVADA,Washoe,32031,,,,,,,,,,,,,,
New Hampshire,Belknap,33001,0.02,,,,,,0.02,0.076,,,,,,0.076
New Hampshire,Carroll,33003,,,,,,,,0.34,,,,,,0.34
New Hampshire,Cheshire,33005,,,,,,,,0.59,,,,,,0.59
New Hampshire,Coos,33007,1.32,,,,,,1.32,0.55,,,,,,0.55
New Hampshire,Hillsborough,33011,,,,,,,,0.0548,,,,,,0.0548
New Hampshire,Merrimack,33013,,0.01,,,,,0.01,0.1529,,,0.01,0.01,,0.1629
New Hampshire,Rockingham,33015,,,,,,,,0.01,,,,,,0.01
New Jersey,Atlantic,34001,,,,,,,,3,,,,,,3
New Jersey,Burlington,34005,,,,,,,,1,,,,,,1
New Jersey,Cumberland,34011,,,,,,,,8,,,,,,8
New Jersey,Gloucester,34015,10.7,,,,,,10.7,,,,,,,
New Jersey,Hunterdon,34019,0.07,6.25,,,,,6.32,2.822,5,1.5,,1.5,,9.322
New Jersey,Mercer,34021,1.5,,,,,,1.5,,,,,,,
New Jersey,Middlesex,34023,,,,,,,,0.259,,,,,,0.259
New Jersey,Monmouth,34025,,,,,,,,0.002,0.0002,,,,,0.0022
New Jersey,"Morris, Bergen, Essex, Hudson, Passaic",34027,1.023,,,,,,1.023,3.033,,,,,,3.033
New Jersey,Ocean,34029,4,,,,,,4,2.06,,,,,,2.06
New Jersey,Salem,34033,,,,,,,,9.2,,,,,,9.2
New Jersey,"Somerset, Union",34035,,,,,,,,1,,,,,,1
New Jersey,Sussex,34037,2.4,,,,,,2.4,18.87,,,,,,18.87
New Jersey,Warren,34041,0.6865,,,4,4,8,4.6865,3.65,,,,,,3.65
New Mexico,Chaves,35005,137.14,,,,,,137.14,2.71,,,,,,2.71
New Mexico,Curry,35009,61.08,,,,,,61.08,64.09,,,,,,64.09
New Mexico,Dona Ana,35013,12.5,,,4.85,4.85,9.7,17.35,3,,,,,,3
New Mexico,Eddy,35015,,,,,,,,,,,,,,
New Mexico,Lea,35025,,,,,,,,,,61.86,,61.86,,61.86
New Mexico,Luna,35029,51.46,,,,,,51.46,,,,,,,
New Mexico,Mora,35033,,,,,,,,,,,,,,
New Mexico,Rio Arriba,35039,50,,,,,,50,,,,,,,
New Mexico,Torrance,35057,153.88,,,,,,153.88,63.84,,,,,,63.84
New Mexico,Union,35059,510.04,,,,,,510.04,,,,,,,
New York,Albany,36001,,,,,,,,,,,,,,
New York,Allegany,36003,,,,,,,,2.418,,,,,,2.418
New York,Broome,36007,35.35,6.81,,,,,42.16,6.81,,,,,,6.81
New York,Cattaraugus,36009,,,,20,20,40,20,,,,,,,
New York,Cayuga,36011,146.86,,,,,,146.86,7.78,,,,,,7.78
New York,Chautauqua,36013,2,,,,,,2,,,,,,,
New York,Columbia,36021,,,,,,,,0.25,,,,,,0.25
New York,Cortland,36023,44.75,11.7,,,,,56.45,10.85,2.5,,,,,13.35
New York,Delaware,36025,,,,,,,,,,,,,,
New York,Dutchess,36027,,,,,,,,,,,,,,
New York,Erie,36029,54.74,,,0.04,0.04,0.08,54.78,6.05,,,,,,6.05
New York,Franklin,36033,,1.2,,,,,1.2,,,,,,,
New York,Fulton,36035,5.1,,,,,,5.1,0.1,,,,,,0.1
New York,Genesee,36037,1,,,,,,1,,,,,,,
New York,Jefferson,36045,245.91,,,,,,245.91,325.23,,,,,,325.23
New York,Lewis,36049,,,,,,,,,,,,,,
New York,Livingston,36051,,1,,,,,1,,1,,,,,1
New York,MADISON,36053,,34.8,,,,,34.8,,,,,,,
New York,Monroe,36055,2.14,,,,,,2.14,1,,,,,,1
New York,Montgomery,36057,15.09,,,,,,15.09,,,,,,,
New York,Onondaga,36067,119.97,,,,,,119.97,,,,,,,
New York,Ontario,36069,10.33,,0.1,,0.1,0.1,10.43,1.25,,,,,,1.25
New York,"Orange, Rockland",36071,110.28,,,,,,110.28,4,,,,,,4
New York,Orleans,36073,1.1,,,,,,1.1,,,,,,,
New York,Oswego,36075,0.0121,,,,,,0.0121,0.5546,,,,,,0.5546
New York,Otsego,36077,4.13,,,,,,4.13,4.13,,,,,,4.13
New York,Rensselaer,36083,,,,,,,,,,,,,,
New York,Schoharie,36095,24.25,,,,,,24.25,,,,,,,
New York,Seneca,36099,,,,,,,,0.25,,,,,,0.25
New York,"Suffolk, Nassau",36103,1,,,,,,1,,,,,,,
New York,Tioga,36107,,,,,,,,,,,,,,
New York,Tompkins,36109,30,,,,,,30,6,,,,,,6
New York,Ulster,36111,,,,,,,,8.03,,,,,,8.03
New York,Washington,36115,20.3,,,,,,20.3,16.11,,,,,,16.11
New York,Wayne,36117,6.14,,,,,,6.14,,,,,,,
New York,Wyoming,36121,,,,,,,,,,,,,,
New York,Yates,36123,,,,,,,,,,,,,,
NO DAKOTA,FOSTER,38031,,,,,,,,,,,,,,
NO DAKOTA,GRANT,38037,,,,,,,,,,,,,,
NO DAKOTA,LA MOURE,38045,,,,,,,,,,,,,,
NO DAKOTA,WELLS,38103,,,,,,,,,,,,,,
North Carolina,Alamance,37001,,,,,,,,,,,,,,
North Carolina,Alexander,37003,,,,,,,,,,,,,,
North Carolina,Alleghany,37005,,,,,,,,0.16,,,,,,0.16
North Carolina,Anson,37007,,63.23,,,,,63.23,,4.3,,,,,4.3
North Carolina,Ashe,37009,6.15,,,,,,6.15,0.5,,,,,,0.5
North Carolina,Avery,37011,0.3,,,,,,0.3,0.3,,,,,,0.3
North Carolina,Beaufort,37013,1.9,,,0.4,0.4,0.8,2.3,,,,,,,
North Carolina,Bertie,37015,,,34.97,,34.97,34.97,34.97,,,9,,9,,9
North Carolina,Bladen,37017,11.43,,,,,,11.43,,0,,,,,0
North Carolina,Brunswick,37019,,,,,,,,,,,,,,
North Carolina,Buncombe,37021,1,,,,,,1,13.06,,,,,,13.06
North Carolina,Burke,37023,15,,,,,,15,,,,,,,
North Carolina,Cabarrus,37025,,,,,,,,,,,,,,
North Carolina,CALDWELL,37027,2,,,,,,2,0.03,,,,,,0.03
North Carolina,Carteret,37031,,8.26,,,,,8.26,,,,,,,
North Carolina,Caswell,37033,63.36,,,,,,63.36,8.14,0.1,,0.1,0.1,,8.34
North Carolina,Catawba,37035,,,,,,,,,,,,,,
North Carolina,Chatham,37037,,,,,,,,,,,,,,
North Carolina,Chowan,37041,3.8,,,,,,3.8,,3,8.68,,8.68,,11.68
North Carolina,Cleveland,37045,3,,,,,,3,,,,,,,
North Carolina,Columbus,37047,6,,,,,,6,,,100.45,,100.45,,100.45
North Carolina,Craven,37049,1.5,,,,,,1.5,1.25,,,,,,1.25
North Carolina,Cumberland,37051,,,,,,,,,,,,,,
North Carolina,Davie,37059,0.25,5,,,,,5.25,,0,,,,,0
North Carolina,Duplin,37061,5.65,4,,,,,9.65,,,,,,,
North Carolina,Durham,37063,0.5,,,,,,0.5,,,,,,,
North Carolina,Edgecombe,37065,,,,127,127,254,127,,,,,,,
North Carolina,Forsyth,37067,3,,,,,,3,,,,,,,
North Carolina,Franklin,37069,83.1,,,,,,83.1,25.81,,,,,,25.81
North Carolina,Gaston,37071,0.03,,,,,,0.03,,,,,,,
North Carolina,Granville,37077,25.57,,,,,,25.57,10,,,,,,10
North Carolina,Greene,37079,8.4,,,13.06,13.06,26.12,21.46,,,,,,,
North Carolina,Guilford,37081,81.88,,,,,,81.88,8.5,,,,,,8.5
North Carolina,Halifax,37083,8,2.8,,,,,10.8,,,,,,,
North Carolina,Harnett,37085,362.94,37,,,,,399.94,32.5,,,,,,32.5
North Carolina,Haywood,37087,,,,,,,,,,,,,,
North Carolina,Henderson,37089,,,,,,,,,,,,,,
North Carolina,Hertford,37091,,,,,,,,,,,,,,
North Carolina,Hoke,37093,49,,,,,,49,,,,,,,
North Carolina,Hyde,37095,,,,,,,,,,,,,,
North Carolina,Iredell,37097,7.46,,,,,,7.46,1.8,,,,,,1.8
North Carolina,Johnston,37101,26,2.05,0.7,,0.7,0.7,28.75,,4.55,,,,,4.55
North Carolina,Jones,37103,,,,,,,,,,,,,,
North Carolina,Lee,37105,259.81,,,,,,259.81,2.5,,,,,,2.5
North Carolina,Lenoir,37107,136.93,,,,,,136.93,66.4,,,,,,66.4
North Carolina,LINCOLN,37109,,,,,,,,,,,,,,
North Carolina,MACON,37113,10.64,,,,,,10.64,,,,,,,
North Carolina,Martin,37117,89.45,,,,,,89.45,16,,1.2,4.51,5.71,,21.71
North Carolina,Montgomery,37123,19,,,,,,19,,,,,,,
North Carolina,Moore,37125,62.83,,,,,,62.83,54.37,,22.69,,22.69,,77.06
North Carolina,Nash,37127,23.37,,,,,,23.37,1.7,,,,,,1.7
North Carolina,New Hanover,37129,,,,,,,,,,,,,,
North Carolina,Northampton,37131,7,,,,,,7,1.07,,,,,,1.07
North Carolina,Onslow,37133,1,,,,,,1,,,,,,,
North Carolina,Orange,37135,7.5,,,,,,7.5,,,,15,15,,15
North Carolina,Pamlico,37137,,,,,,,,4.55,,,,,,4.55
North Carolina,Pender,37141,,,,,,,,,,,,,,
North Carolina,Perquimans,37143,,,,,,,,,,,,,,
North Carolina,Person,37145,86.71,1.5,,,,,88.21,17.11,167.02,,,,,184.13
North Carolina,Pitt,37147,1.75,30.53,,,,,32.28,30.26,13.53,,,,,43.79
North Carolina,Polk,37149,,,,,,,,,,,,,,
North Carolina,Randolph,37151,43.75,,,,,,43.75,,,,,,,
North Carolina,Richmond,37153,,,,,,,,,,,,,,
North Carolina,Robeson,37155,37.4,2.5,,40.98,40.98,81.96,80.88,,,,,,,
North Carolina,Rockingham,37157,7,,,,,,7,3.8,,,,,,3.8
North Carolina,Rowan,37159,4.54,,,,,,4.54,3.26,,,,,,3.26
North Carolina,Rutherford,37161,3,,,,,,3,,,,,,,
North Carolina,Sampson,37163,40.41,,,,,,40.41,,,,,,,
North Carolina,Scotland,37165,89.1,,,,,,89.1,,,,4,4,,4
North Carolina,Stanly,37167,,40,,,,,40,,,,,,,
North Carolina,Stokes,37169,1.5,,,,,,1.5,0.5,76.85,,,,,77.35
North Carolina,Surry,37171,28.54,,,,,,28.54,133.5,37.04,,,,,170.54
North Carolina,Vance,37181,7,,,,,,7,1.2,,,,,,1.2
North Carolina,Wake,37183,6,,,17.5,17.5,35,23.5,,,0.635,,0.635,,0.635
North Carolina,Warren,37185,39.59,,,,,,39.59,,142.91,,9.58,9.58,,152.49
North Carolina,Washington,37187,8.87,,,,,,8.87,1,,,26.08,26.08,,27.08
North Carolina,Watauga,37189,,,,,,,,0.0012,,,,,,0.0012
North Carolina,Wayne,37191,69.4,10.16,,,,,79.56,3,,,,,,3
North Carolina,Wilkes,37193,,,,,,,,,,,,,,
North Carolina,Wilson,37195,2.43,5.2,,,,,7.63,,,,,,,
North Carolina,Yadkin,37197,11.43,,,,,,11.43,,20.86,,,,,20.86
North Carolina,Yancey,37199,,5,,,,,5,,,,,,,
North Dakota,Barnes,38003,0.034,,,,,,0.034,0.034,,,,,,0.034
North Dakota,Benson,38005,,,,,,,,,,,,,,
North Dakota,Bottineau,38009,2.0202,,133.59,,133.59,133.59,135.6102,0.11,,,,,,0.11
North Dakota,Bowman,38011,,,,,,,,,,115,,115,,115
North Dakota,Burleigh,38015,1,,,,,,1,,,,,,,
North Dakota,Cass,38017,,,,5.5,5.5,11,5.5,,,7.84,14.54,22.38,,22.38
North Dakota,Dickey,38021,,,,9.5,9.5,19,9.5,,,,9.55,9.55,,9.55
North Dakota,Divide,38023,,,,,,,,5,,,,,,5
North Dakota,Dunn,38025,,,,,,,,,,,,,,
North Dakota,Eddy,38027,,,,,,,,0.005,,,,,,0.005
North Dakota,Emmons,38029,,320.08,,,,,320.08,,,,,,,
North Dakota,FOSTER,38031,,,173,,173,173,173,,,,,,,
North Dakota,Grand Forks,38035,39.26,,566.57,,566.57,566.57,605.83,3,,353.42,,353.42,,356.42
North Dakota,GRANT,38037,,,86.22,,86.22,86.22,86.22,,,,,,,
North Dakota,Griggs,38039,,,,,,,,0.001,0.001,,,,,0.002
North Dakota,Kidder,38043,,,114.14,,114.14,114.14,114.14,,,,,,,
North Dakota,LaMoure,38045,,25,,,,,25,,,,,,,
North Dakota,McHenry,38049,1.75,,,,,,1.75,,,,,,,
North Dakota,McIntosh,38051,2.25,,,,,,2.25,,,,,,,
North Dakota,Morton,38059,,,,,,,,,,,,,,
North Dakota,NELSON,38063,,,,,,,,,,,,,,
North Dakota,Pembina,38067,,,,,,,,,,,,,,
North Dakota,Pierce,38069,8.5,,150,,150,150,158.5,1,,,,,,1
North Dakota,Ramsey,38071,,,,,,,,0.24,0.24,,,,,0.48
North Dakota,Ransom,38073,1.74,,731.49,,731.49,731.49,733.23,1.05,,,,,,1.05
North Dakota,Rolette,38079,,,,,,,,0.5,,,,,,0.5
North Dakota,Sargent,38081,1.22,11.51,,,,,12.73,,,,,,,
North Dakota,Sheridan,38083,,,,,,,,,,,,,,
North Dakota,Slope,38087,7.25,,,,,,7.25,1,,,,,,1
North Dakota,Stark,38089,2,,125,,125,125,127,1.25,,,,,,1.25
North Dakota,Stutsman,38093,1,,,,,,1,,,,,,,
North Dakota,Towner,38095,,,,,,,,,,37.19,,37.19,,37.19
North Dakota,Traill,38097,7,,540.58,,540.58,540.58,547.58,1.5,,108,121.37,229.37,,230.87
North Dakota,Walsh,38099,,,104.27,,104.27,104.27,104.27,,,204.96,,204.96,,204.96
North Dakota,Ward,38101,7.1,,,,,,7.1,,,,,,,
North Dakota,WELLS,38103,,,2,,2,2,2,,,,119.83,119.83,,119.83
North Dakota,Williams,38105,5,,33.65,,33.65,33.65,38.65,,,,,,,
Ohio,Adams,39001,2.56,,,,,,2.56,,,,,,,
Ohio,Allen,39003,,,,,,,,1.11,,,,,,1.11
Ohio,Ashland,39005,1.23,,,,,,1.23,0.13,,,,,,0.13
Ohio,Ashtabula,39007,,1.5,,,,,1.5,0.5,0.35,,,,,0.85
Ohio,Belmont,39013,4.59,,,,,,4.59,,,,,,,
Ohio,Brown,39015,,4.1,,,,,4.1,,2.2,,,,,2.2
Ohio,Butler,39017,22.14,1.3,,,,,23.44,1.4733,,,,,,1.4733
Ohio,Carroll,39019,1.5,,,,,,1.5,,,,,,,
Ohio,CLARK,39023,2.08,,,,,,2.08,6,,,,,,6
Ohio,Clermont,39025,,0.98,,,,,0.98,,1.5,,,,,1.5
Ohio,Clinton,39027,,,,0.25,0.25,0.5,0.25,,,,,,,
Ohio,Columbiana,39029,4.5,,,,,,4.5,,,,,,,
Ohio,Coshocton,39031,1.5,14.87,,,,,16.37,3.317,22.62,,,,,25.937
Ohio,Cuyahoga,39035,0.34,,,,,,0.34,,,,,,,
Ohio,Delaware,39041,1,24,,,,,25,0.53,8,,,,,8.53
Ohio,Fairfield,39045,,,,,,,,0.68,,,,,,0.68
Ohio,Fulton,39051,,,,0.32,0.32,0.64,0.32,,,,,,,
Ohio,Gallia,39053,,,,,,,,2.2,,,,,,2.2
Ohio,Geauga,39055,7.8,,,,,,7.8,1,,,,,,1
Ohio,Greene,39057,3.41,,,,,,3.41,1.81,,,,,,1.81
Ohio,Hardin,39065,,,,,,,,802,,,,,,802
Ohio,HARRISON,39067,14.82,,,,,,14.82,5.79,,,,,,5.79
Ohio,Highland,39071,3,,,,,,3,,,,,,,
Ohio,Holmes,39075,2.5,,,,,,2.5,2.53,,,,,,2.53
Ohio,JACKSON,39079,0.861,,,,,,0.861,1,,,,,,1
Ohio,Knox,39083,,,,0.5,0.5,1,0.5,1,,,,,,1
Ohio,Licking,39089,3.5,,,0.14,0.14,0.28,3.64,7.28,,,,,,7.28
Ohio,LOGAN,39091,3.04,,,,,,3.04,4,,,,,,4
Ohio,Lorain,39093,0.53,,,,,,0.53,1.01,,,,,,1.01
Ohio,Mahoning,39099,,,,,,,,11.32,,,,,,11.32
Ohio,Medina,39103,0.17,,,,,,0.17,0.17,,,,,,0.17
Ohio,Meigs,39105,175.98,,,,,,175.98,26.78,,,,,,26.78
Ohio,Miami,39109,23.32,,,,,,23.32,,,,,,,
Ohio,Montgomery,39113,,,46.84,,46.84,46.84,46.84,44.72,,,,,,44.72
Ohio,MORGAN,39115,1.1,,,,,,1.1,,,,,,,
Ohio,Morrow,39117,6.73,2.4,,,,,9.13,4.74,,,,,,4.74
Ohio,Muskingum,39119,9.7,,,,,,9.7,7,,,,,,7
Ohio,Ottawa,39123,,,,,,,,0.8,,,,,,0.8
Ohio,Perry,39127,0,,,,,,0,6.41,,,,,,6.41
Ohio,Pickaway,39129,2,,,,,,2,1,,,,,,1
Ohio,Pike,39131,1.5,,,,,,1.5,,,,,,,
Ohio,Portage,39133,5.84,,3.2,0.02,3.22,3.24,9.06,2.1,,,,,,2.1
Ohio,Seneca,39147,0.5,,,,,,0.5,,,,,,,
Ohio,SHELBY,39149,1,,,,,,1,,,,,,,
Ohio,Stark,39151,0.3,,,,,,0.3,0.309,,,,,,0.309
Ohio,Summit,39153,0.02,,,,,,0.02,,,,,,,
Ohio,Trumbull,39155,7.93,2.6,,,,,10.53,7.78,,,,,,7.78
Ohio,Tuscarawas,39157,3.58,,,,,,3.58,2.09,,,,,,2.09
Ohio,Union,39159,4.25,,,,,,4.25,5.85,,,,,,5.85
Ohio,Van Wert,39161,,,,1,1,2,1,,,12.5,,12.5,,12.5
Ohio,Warren,39165,15,,,,,,15,3,1.396,,,,,4.396
Ohio,Wayne,39169,36,,,,,,36,,,,,,,
Oklahoma,Alfalfa,40003,,,,,,,,,,,,,,
Oklahoma,Bryan,40013,,,,106.07,106.07,212.14,106.07,,,,,,,
Oklahoma,Caddo,40015,856.62,,,,,,856.62,57,,,,,,57
Oklahoma,Cimarron,40025,0.2,,,,,,0.2,,,,,,,
Oklahoma,Custer,40039,4.12,,,,,,4.12,,,,,,,
Oklahoma,Dewey,40043,,,,,,,,,,,,,,
Oklahoma,Ellis,40045,3,,,,,,3,1428.72,,,,,,1428.72
Oklahoma,GRANT,40053,,,,,,,,,,,,,,
Oklahoma,Harmon,40057,,,,,,,,,,,,,,
Oklahoma,JACKSON,40065,,,,,,,,,,,,,,
Oklahoma,Johnston,40069,72.37,,,,,,72.37,,,,,,,
Oklahoma,Kay,40071,,,,,,,,,,,,,,
Oklahoma,Kingfisher,40073,1,30,,,,,31,,,,,,,
Oklahoma,Kiowa,40075,,,,,,,,,,,,,,
Oklahoma,Le Flore,40079,769.91,,,,,,769.91,269.74,,,,,,269.74
Oklahoma,LOGAN,40083,,,,,,,,,,,,,,
Oklahoma,Muskogee,40101,,,,,,,,,,,117.07,117.07,,117.07
Oklahoma,Oklahoma,40109,,,,,,,,1.8,,,,,,1.8
Oklahoma,Pottawatomie,40125,20,,,,,,20,,,,,,,
Oklahoma,Texas,40139,,,,,,,,,,,35,35,,35
Oklahoma,Wagoner,40145,,120,,,,,120,,,,,,,
Oklahoma,Washita,40149,,,,,,,,111.09,,,,,,111.09
Oklahoma,Woods,40151,84.82,,,,,,84.82,,,,,,,
OREGON,Benton,41003,,,,,,,,,,,,,,
OREGON,Clackamas,41005,,,,,,,,20,,,,,,20
OREGON,Crook,41013,4,,,,,,4,,,,,,,
OREGON,Deschutes,41017,121.96,,,,,,121.96,,,,,,,
OREGON,Douglas,41019,,,,,,,,,,,,,,
OREGON,GRANT,41023,2,,,,,,2,,,,,,,
OREGON,Harney,41025,1,,,,,,1,,,,,,,
OREGON,Hood River,41027,0.2,,,,,,0.2,,,,,,,
OREGON,JACKSON,41029,,,,,,,,17.28,,,,,,17.28
OREGON,Jefferson,41031,46.08,,,,,,46.08,30.08,,,,,,30.08
OREGON,Josephine,41033,,,,,,,,,,,,,,
OREGON,Klamath,41035,40.96,,,,,,40.96,3.5,,,,,,3.5
OREGON,Lane,41039,3,,,,,,3,,,,,,,
OREGON,Linn,41043,23.69,,,,,,23.69,,,,,,,
OREGON,Malheur,41045,225.19,,,,,,225.19,61.18,,,,,,61.18
OREGON,MARION,41047,171.72,,,1,1,2,172.72,,,,,,,
OREGON,Morrow,41049,911.36,,,,,,911.36,107.92,,,,,,107.92
OREGON,Multnomah,41051,6,,,,,,6,,,,,,,
OREGON,Polk,41053,,,,,,,,,,,,,,
OREGON,Sherman,41055,11.67,,,,,,11.67,,,,,,,
OREGON,Umatilla,41059,,,,60.47,60.47,120.94,60.47,,,22.03,,22.03,,22.03
OREGON,Union,41061,171.83,,,,,,171.83,2,,,,,,2
OREGON,Wasco,41065,75,,,,,,75,,,,,,,
OREGON,Washington,41067,33,,,2.85,2.85,5.7,35.85,3,,,,,,3
OREGON,WASHNGTON,41067,,,,,,,,,,,,,,
OREGON,Yamhill,41071,10,,,,,,10,,,,,,,
Pennsylvania,Adams,42001,22.801,10.5,26.1,,26.1,26.1,59.401,4.75,,,,,,4.75
Pennsylvania,Allegheny,42003,2.15,,,,,,2.15,0.14,,,,,,0.14
Pennsylvania,Beaver,42007,1.5,,,,,,1.5,1.5,,,,,,1.5
Pennsylvania,Bedford,42009,,,,,,,,,8,,,,,8
Pennsylvania,Berks,42011,5.941,2,4.3131,,4.3131,4.3131,12.2541,0.46,0.28,,,,,0.74
Pennsylvania,Blair,42013,0.25,,,,,,0.25,2,,,,,,2
Pennsylvania,Bradford,42015,15.382,,,,,,15.382,4.5,,,,,,4.5
Pennsylvania,Bucks,42017,13.68,,,,,,13.68,0.5,,,,,,0.5
Pennsylvania,Butler,42019,14.5411,,,,,,14.5411,7.15,,,,,,7.15
Pennsylvania,Cambria,42021,2.53,,,,,,2.53,,,,,,,
Pennsylvania,Centre,42027,6.8,17.21,94.7,2.5,97.2,99.7,121.21,7.92,,5,3,8,,15.92
Pennsylvania,Chester,42029,14.2664,2.3,,,,,16.5664,16.4169,3,,,,,19.4169
Pennsylvania,Clarion,42031,,,,,,,,,,,,,,
Pennsylvania,Clearfield,42033,,0.3,,,,,0.3,,0.3,,,,,0.3
Pennsylvania,Clinton,42035,,,,1.276,1.276,2.552,1.276,,,,0.008,0.008,,0.008
Pennsylvania,Columbia,42037,2.37,,,,,,2.37,0.25,,,,,,0.25
Pennsylvania,Crawford,42039,1.1,,,,,,1.1,3.4,,,,,,3.4
Pennsylvania,Cumberland,42041,3,,,,,,3,0.25,,,,,,0.25
Pennsylvania,Dauphin,42043,1.2,,,,,,1.2,0.8,,,,,,0.8
Pennsylvania,Delaware,42045,0.68,,,,,,0.68,,,,,,,
Pennsylvania,Elk,42047,,,,4.55,4.55,9.1,4.55,,,,,,,
Pennsylvania,Erie,42049,21.8,10,,,,,31.8,13.75,,,,,,13.75
Pennsylvania,FAYETTE,42051,1.0523,,,,,,1.0523,22.96,,,,,,22.96
Pennsylvania,Franklin,42055,5.5016,,,,,,5.5016,0.0016,,,,,,0.0016
Pennsylvania,Fulton,42057,,,,,,,,,,,,,,
Pennsylvania,Greene,42059,,,,,,,,0.5,3.35,,,,,3.85
Pennsylvania,Huntingdon,42061,,,,,,,,2,,,,,,2
Pennsylvania,Indiana,42063,,10.5,,,,,10.5,4.75,4.75,,,,,9.5
Pennsylvania,Jefferson,42065,2.25,,,,,,2.25,2.25,,,,,,2.25
Pennsylvania,Juniata,42067,,,3,,3,3,3,,,,,,,
Pennsylvania,Lancaster,42071,68.7,3.2,,0.5,0.5,1,72.4,17.18,4.3,,,,,21.48
Pennsylvania,Lawrence,42073,4.736,3.85,,,,,8.586,17.34,10.75,,,,,28.09
Pennsylvania,Lehigh,42077,,,,,,,,1.3,,,,,,1.3
Pennsylvania,Luzerne,42079,3.253,,7.09,4.84,11.93,16.77,15.183,4.303,,,1.036,1.036,,5.339
Pennsylvania,Lycoming,42081,2.0815,34,,,,,36.0815,3,,,,,,3
Pennsylvania,McKean,42083,,,,,,,,0.98,,,,,,0.98
Pennsylvania,Mercer,42085,,10,,,,,10,9.05,3.3,,,,,12.35
Pennsylvania,Mifflin,42087,1.5,,1,,1,1,2.5,3,,,,,,3
Pennsylvania,Monroe,42089,,,,,,,,1,,,,,,1
Pennsylvania,Montgomery,42091,5.06,4,,,,,9.06,,,,,,,
Pennsylvania,Montour,42093,1.06,,,,,,1.06,,,,,,,
Pennsylvania,Northampton,42095,,0.492,,,,,0.492,0.4,0.75,,,,,1.15
Pennsylvania,Perry,42099,1.435,,,,,,1.435,0.75,,,,,,0.75
Pennsylvania,Pike,42103,0.55,,,,,,0.55,,,,,,,
Pennsylvania,Potter,42105,1,,,,,,1,,,,,,,
Pennsylvania,Schuylkill,42107,1.125,11.7,,0.25,0.25,0.5,13.075,,,,,,,
Pennsylvania,Snyder,42109,2,,,,,,2,1,,,,,,1
Pennsylvania,Somerset,42111,,,18,,18,18,18,,,,,,,
Pennsylvania,Susquehanna,42115,3.6461,21,,,,,24.6461,4,,,,,,4
Pennsylvania,Tioga,42117,1.3,14.27,,,,,15.57,1.3,,,,,,1.3
Pennsylvania,Union,42119,2.96,3,,,,,5.96,1,,,,,,1
Pennsylvania,Venango,42121,7.57,4,,,,,11.57,4,,,,,,4
Pennsylvania,Warren,42123,1.1,,,,,,1.1,,,,,,,
Pennsylvania,Washington,42125,2.32,0.25,,,,,2.57,0.25,,,,,,0.25
Pennsylvania,Wayne,42127,3.41,,,,,,3.41,2.1,,,,,,2.1
Pennsylvania,Westmoreland,42129,10.037,,,0.0006,0.0006,0.0012,10.0376,3.046,,,,,,3.046
Pennsylvania,Wyoming,42131,2.07,,,,,,2.07,,,,,,,
Pennsylvania,York,42133,1.69,,,28.45,28.45,56.9,30.14,25.38,,,,,,25.38
Puerto Rico,Mayaguez,72097,9.196,,,,,,9.196,,,,,,,
Puerto Rico,Ponce,72113,,,,,,,,0.08,,,,,,0.08
Rhode Island,Washington,44009,6.53,,,,,,6.53,,,,,,,
South Carolina,Abbeville,45001,,,,,,,,0.0482,,,,,,0.0482
South Carolina,Aiken,45003,25.15,,,,,,25.15,12.11,,,0.25,0.25,,12.36
South Carolina,Allendale,45005,2.5,,,,,,2.5,0.5,,,,,,0.5
South Carolina,Anderson,45007,16,,,,,,16,7.466,1.1,,,,,8.566
South Carolina,Barnwell,45011,,1,,,,,1,,,,,,,
South Carolina,Beaufort,45013,7.71,,,,,,7.71,,9.9,,,,,9.9
South Carolina,Berkeley,45015,,,,,,,,7.64,,,0.6,0.6,,8.24
South Carolina,Calhoun,45017,6.3,,,,,,6.3,16,,,,,,16
South Carolina,Charleston,45019,,,,,,,,0.26,,,,,,0.26
South Carolina,Cherokee,45021,,,,,,,,4.1,,,,,,4.1
South Carolina,Chester,45023,,,,,,,,0.125,,,,,,0.125
South Carolina,Clarendon,45027,6,,,,,,6,,,,,,,
South Carolina,Colleton,45029,,,,,,,,1.439,,,,,,1.439
South Carolina,Darlington,45031,,,2,,2,2,2,4.82,,,,,,4.82
South Carolina,Dillon,45033,,,,,,,,0.11,,,,,,0.11
South Carolina,Dorchester,45035,0.1,,,,,,0.1,1.0012,,,,,,1.0012
South Carolina,Edgefield,45037,1.5,,,,,,1.5,1.2,,,,,,1.2
South Carolina,Fairfield,45039,,,,,,,,0.19,,,,,,0.19
South Carolina,Florence,45041,6,,,,,,6,0.07,,,,,,0.07
South Carolina,Georgetown,45043,6.5,,,,,,6.5,33.1265,,,,,,33.1265
South Carolina,Greenville,45045,,,,2,2,4,2,1.482,,,,,,1.482
South Carolina,Hampton,45049,3.73,,,,,,3.73,1,,,16.56,16.56,,17.56
South Carolina,Horry,45051,4,,,,,,4,,0.296,,,,,0.296
South Carolina,Kershaw,45055,,,,,,,,5,,,,,,5
South Carolina,Lancaster,45057,,,,,,,,0.9,,,,,,0.9
South Carolina,Lexington,45063,22.04,,,,,,22.04,13.67,1.15,,,,,14.82
South Carolina,MARION,45067,55.54,,,,,,55.54,13.8,,,,,,13.8
South Carolina,Marlboro,45069,16,,,,,,16,7,,,,,,7
South Carolina,Newberry,45071,,,,,,,,1,,,,,,1
South Carolina,Oconee,45073,,,,,,,,14.025,,,,,,14.025
South Carolina,Orangeburg,45075,104,,,,,,104,110.77,,,,,,110.77
South Carolina,Pickens,45077,,,,,,,,8.21,,,,,,8.21
South Carolina,Richland,45079,2.5,,,,,,2.5,0.001,4,,,,,4.001
South Carolina,Saluda,45081,8.17,0.021,,1.253,1.253,2.506,9.444,,,,,,,
South Carolina,Spartanburg,45083,,,,,,,,4.34,,,,,,4.34
South Carolina,Sumter,45085,58.18,,,,,,58.18,,,,,,,
South Carolina,Union,45087,,,,,,,,0.92,,,,,,0.92
South Carolina,Williamsburg,45089,14.13,,,,,,14.13,1.5,,,0.11,0.11,,1.61
South Dakota,Beadle,46005,,,,,,,,,,890.46,,890.46,,890.46
South Dakota,Brown,46013,,,,,,,,,,34,,34,,34
South Dakota,CLARK,46025,,,,,,,,,,152.69,,152.69,,152.69
South Dakota,Clay,46027,,,,,,,,10,41.7,,,,,51.7
South Dakota,Custer,46033,,,,,,,,,,,5.5,5.5,,5.5
South Dakota,Davison,46035,,,,,,,,,,8.02,,8.02,,8.02
South Dakota,Hand,46059,,,,,,,,,,421.83,,421.83,,421.83
South Dakota,Hughes,46065,,,,,,,,,,,3,3,,3
South Dakota,Kingsbury,46077,,,,,,,,,,,6,6,,6
South Dakota,Lake,46079,,,,,,,,,0.5,,,,,0.5
South Dakota,Lyman,46085,,,,,,,,,,,11,11,,11
South Dakota,Moody,46101,,,,,,,,,,,,,,
South Dakota,Roberts,46109,32.69,,,,,,32.69,31.69,,,,,,31.69
South Dakota,Spink,46115,,,,,,,,,99.44,,,,,99.44
South Dakota,Todd,46121,,,,,,,,122.27,,,,,,122.27
South Dakota,Walworth,46129,,,,,,,,1,4,,,,,5
TENNESSEE,Anderson,47001,0.821,,,,,,0.821,0.001,,,,,,0.001
TENNESSEE,Bedford,47003,13.172,,,2,2,4,15.172,0.0463,,,1,1,,1.0463
TENNESSEE,Benton,47005,0.74,,,0.0863,0.0863,0.1726,0.8263,0.0014,,,,,,0.0014
TENNESSEE,Bledsoe,47007,2.0735,,,,,,2.0735,0.33,,,,,,0.33
TENNESSEE,Blount,47009,1.4501,,,,,,1.4501,,,,,,,
TENNESSEE,Bradley,47011,7.1775,1.47,9.0881,0.056,9.1441,9.2001,17.7916,,,5.52,,5.52,,5.52
TENNESSEE,Campbell,47013,0.04,,,,,,0.04,,,,,,,
TENNESSEE,Cannon,47015,2.5,,,,,,2.5,0.5,,,,,,0.5
TENNESSEE,Carroll,47017,0.25,,,,,,0.25,,,,,,,
TENNESSEE,Carter,47019,2.75,,,0.75,0.75,1.5,3.5,2.614,,,,,,2.614
TENNESSEE,Cheatham,47021,7.5,,,,,,7.5,0.5,,,,,,0.5
TENNESSEE,Claiborne,47025,16.0402,,,,,,16.0402,1.471,,,,,,1.471
TENNESSEE,Clay,47027,,,,,,,,,,,,,,
TENNESSEE,Cocke,47029,0.5717,,,,,,0.5717,0.95,,,,,,0.95
TENNESSEE,Coffee,47031,4.482,,,,,,4.482,1.83,,,,,,1.83
TENNESSEE,Crockett,47033,3.5,,15,,15,15,18.5,2.5,,,,,,2.5
TENNESSEE,Cumberland,47035,6.7566,,,,,,6.7566,1.1641,,,,,,1.1641
TENNESSEE,Davidson,47037,13.9928,,,,,,13.9928,0.15,,,,,,0.15
TENNESSEE,DeKalb,47041,24.2804,,,,,,24.2804,3.66,,,,,,3.66
TENNESSEE,Dickson,47043,,,,,,,,,,,,,,
TENNESSEE,Dyer,47045,9.87,,,,,,9.87,,,,,,,
TENNESSEE,FAYETTE,47047,5.166,,,,,,5.166,,,,,,,
TENNESSEE,Fentress,47049,4.54,,,,,,4.54,,,,,,,
TENNESSEE,Franklin,47051,6.425,,,,,,6.425,,,,,,,
TENNESSEE,Gibson,47053,0.58,,,,,,0.58,,,,,,,
TENNESSEE,Giles,47055,5.98,3,,,,,8.98,0.165,,,,,,0.165
TENNESSEE,Grainger,47057,34.75,,,0.31,0.31,0.62,35.06,,4,,,,,4
TENNESSEE,Greene,47059,42.9646,0.312,,9.39,9.39,18.78,52.6666,20.8818,,,,,,20.8818
TENNESSEE,Grundy,47061,1.12,,,,,,1.12,,,,,,,
TENNESSEE,Hamblen,47063,14.98,,1.01,,1.01,1.01,15.99,,,,,,,
TENNESSEE,Hamilton,47065,6.75,,,,,,6.75,,,,,,,
TENNESSEE,Hancock,47067,0.0002,,,,,,0.0002,,,,,,,
TENNESSEE,HARDEMAN,47069,4,,,0.26,0.26,0.52,4.26,1.01,,,0.26,0.26,,1.27
TENNESSEE,Hardin,47071,,0.38,,,,,0.38,,,,,,,
TENNESSEE,Hawkins,47073,18.4001,,,,,,18.4001,3.68,,,,,,3.68
TENNESSEE,Haywood,47075,0.24,,,,,,0.24,,,,,,,
TENNESSEE,Henderson,47077,140.22,,,,,,140.22,,24.51,,,,,24.51
TENNESSEE,HENRY,47079,62.23,1,,,,,63.23,22.5005,,,,,,22.5005
TENNESSEE,Hickman,47081,,,,,,,,,,,,,,
TENNESSEE,Humphreys,47085,1,,,,,,1,,,,,,,
TENNESSEE,JACKSON,47087,0.6001,,,,,,0.6001,0.03,,,,,,0.03
TENNESSEE,Jefferson,47089,2.1149,0.43,6.68,,6.68,6.68,9.2249,,,,,,,
TENNESSEE,Johnson,47091,0.25,,,,,,0.25,0.125,,,,,,0.125
TENNESSEE,Knox,47093,4.169,,,0.0751,0.0751,0.1502,4.2441,1.1,,,,,,1.1
TENNESSEE,Lauderdale,47097,,,,67.75,67.75,135.5,67.75,,,,,,,
TENNESSEE,Lawrence,47099,7.5,,,,,,7.5,,,,,,,
TENNESSEE,Lewis,47101,4.99,,,4.29,4.29,8.58,9.28,,,,,,,
TENNESSEE,LINCOLN,47103,6.25,,,,,,6.25,3,,,,,,3
TENNESSEE,Loudon,47105,,,,,,,,0.5,,,,,,0.5
TENNESSEE,MACON,47111,248.84,,,0.3,0.3,0.6,249.14,130.65,,,,,,130.65
TENNESSEE,MADISON,47113,4.01,,,,,,4.01,,,,,,,
TENNESSEE,MARION,47115,42.7,,0.45,1.25,1.7,2.95,44.4,1.5,10,0.2,,0.2,,11.7
TENNESSEE,Marshall,47117,27.652,,,,,,27.652,0.1,,,,,,0.1
TENNESSEE,Maury,47119,52.8565,,0.0001,,0.0001,0.0001,52.8566,17.63,,,,,,17.63
TENNESSEE,McMinn,47107,177.1521,,,,,,177.1521,1,,,,,,1
TENNESSEE,McNairy,47109,16.42,,,13.5,13.5,27,29.92,19.65,,,,,,19.65
TENNESSEE,Monroe,47123,5,,,,,,5,,,,,,,
TENNESSEE,Montgomery,47125,69.336,,,0.001,0.001,0.002,69.337,15.5,,,,,,15.5
TENNESSEE,Moore,47127,0.0012,,,,,,0.0012,,,,,,,
TENNESSEE,MORGAN,47129,0.2,,,,,,0.2,,,,,,,
TENNESSEE,Overton,47133,2.3239,0.7,,1.9,1.9,3.8,4.9239,,,,,,,
TENNESSEE,Perry,47135,1.05,,,,,,1.05,,,,,,,
TENNESSEE,Pickett,47137,1,0.1,,,,,1.1,,,,,,,
TENNESSEE,Polk,47139,0.6051,,3.3591,,3.3591,3.3591,3.9642,,,,,,,
TENNESSEE,Putnam,47141,4.265,,1.35,,1.35,1.35,5.615,0.625,,,,,,0.625
TENNESSEE,Rhea,47143,0.3,,,,,,0.3,,,,,,,
TENNESSEE,Roane,47145,0.016,1.839,,,,,1.855,0.05,1.839,,,,,1.889
TENNESSEE,ROBERTSON,47147,47.79,11,,1,1,2,59.79,4.33,,,,,,4.33
TENNESSEE,Rutherford,47149,36.851,0.44,,0.02,0.02,0.04,37.311,4.28,,,,,,4.28
TENNESSEE,SCOTT,47151,14.44,,,,,,14.44,,,,,,,
TENNESSEE,Sequatchie,47153,1.72,,0.15,0.5,0.65,1.15,2.37,2.25,,,0.75,0.75,,3
TENNESSEE,Sevier,47155,1.8874,0.0005,0.3009,,0.3009,0.3009,2.1888,0.2932,,0.0509,,0.0509,,0.3441
TENNESSEE,SHELBY,47157,16.912,,0.001,0.07,0.071,0.141,16.983,0.03,,,,,,0.03
TENNESSEE,Smith,47159,62.0289,,,,,,62.0289,46,,,,,,46
TENNESSEE,Stewart,47161,63.3114,,,,,,63.3114,10.71,,,,,,10.71
TENNESSEE,Sullivan,47163,49.7645,,,,,,49.7645,1.9648,,,,,,1.9648
TENNESSEE,Sumner,47165,32.45,,,,,,32.45,45.47,,,,,,45.47
TENNESSEE,Tipton,47167,30.234,,0.003,,0.003,0.003,30.237,10.7,,0.02,,0.02,,10.72
TENNESSEE,Trousdale,47169,2.25,,,0.1,0.1,0.2,2.35,,,,,,,
TENNESSEE,Unicoi,47171,0.522,,,,,,0.522,0.522,,,,,,0.522
TENNESSEE,Union,47173,0.6,,,,,,0.6,,,,,,,
TENNESSEE,Van Buren,47175,0.5,0.5,,,,,1,,,,,,,
TENNESSEE,Warren,47177,50.4162,,0.043,,0.043,0.043,50.4592,,,,,,,
TENNESSEE,Washington,47179,3.951,,,,,,3.951,0.5401,,,,,,0.5401
TENNESSEE,Weakley,47183,10.59,,,,,,10.59,5.925,,,,,,5.925
TENNESSEE,White,47185,12.525,,,,,,12.525,,,,,,,
TENNESSEE,Williamson,47187,14.0313,,,0.002,0.002,0.004,14.0333,0.5005,,,,,,0.5005
TENNESSEE,Wilson,47189,21.06,,,,,,21.06,0.53,,,,,,0.53
Texas,Anderson,48001,1.75,,,,,,1.75,0.13,,,,,,0.13
Texas,Austin,48015,1,,,,,,1,,,,,,,
Texas,Bee,48025,,0.04,,,,,0.04,,0.04,,,,,0.04
Texas,Bell,48027,,5,,,,,5,0.0005,,,,,,0.0005
Texas,Bexar,48029,0.0009,,,,,,0.0009,,,,,,,
Texas,Blanco,48031,0.1,,,,,,0.1,,,,,,,
Texas,Burnet,48053,,,,,,,,0.0175,,,,,,0.0175
Texas,Cameron,48061,,,,,,,,,27.9,,,,,27.9
Texas,Carson,48065,,164.42,,,,,164.42,,,,,,,
Texas,Cherokee,48073,,,,,,,,0.802,,,,,,0.802
Texas,Coleman,48083,,,,,,,,0.1,,,,,,0.1
Texas,Comal,48091,1.0022,,,,,,1.0022,0.0022,,,,,,0.0022
Texas,Comanche,48093,10,,,,,,10,,,,,,,
Texas,Cooke,48097,1.03,,,,,,1.03,,,,,,,
Texas,Dallam,48111,12,,,,,,12,,,,,,,
Texas,Dallas,48113,,,,,,,,0.0234,,,,,,0.0234
Texas,Dawson,48115,,0,,13.33,13.33,26.66,13.33,,0,,,,,0
Texas,Denton,48121,0.9,,,,,,0.9,2.3023,,,,,,2.3023
Texas,Ellis,48139,3.2536,,,,,,3.2536,3.2536,,,,,,3.2536
Texas,Erath,48143,8.5,,,,,,8.5,,,,,,,
Texas,Fannin,48147,,,,,,,,2,,,,,,2
Texas,Floyd,48153,10,,,,,,10,,,,,,,
Texas,Fort Bend,48157,0.5034,,,,,,0.5034,,,,,,,
Texas,Gaines,48165,16,38,,5,5,10,59,,,,,,,
Texas,Gillespie,48171,,,,,,,,0.001,,,,,,0.001
Texas,Grayson,48181,,,,,,,,24.7,,,0.62,0.62,,25.32
Texas,Hale,48189,59.54,,,,,,59.54,,,,,,,
Texas,Haskell,48207,,38.5,,,,,38.5,,86,,,,,86
Texas,Hays,48209,,,,,,,,0.0206,,,,,,0.0206
Texas,Hidalgo,48215,,,,,,,,,2,,10,10,,12
Texas,Hill,48217,0.0004,,,,,,0.0004,0.02,,,,,,0.02
Texas,Hockley,48219,23,,,,,,23,,,,,,,
Texas,Hopkins,48223,1.63,,,,,,1.63,1.34,,,,,,1.34
Texas,Hunt,48231,,,,,,,,0.004,,,,,,0.004
Texas,JACKSON,48239,,,,,,,,0.15,,,,,,0.15
Texas,Johnson,48251,,0,,,,,0,5,,,,,,5
Texas,Lamar,48277,2,,,,,,2,,,,,,,
Texas,Lamb,48279,133.29,30,,12,12,24,175.29,,,,,,,
Texas,Lampasas,48281,,,,,,,,0.0028,,,,,,0.0028
Texas,Lubbock,48303,296.6,,,,,,296.6,327.41,,,,,,327.41
Texas,Lynn,48305,38,,,,,,38,164.01,,,,,,164.01
Texas,Matagorda,48321,,,533.28,,533.28,533.28,533.28,,,,,,,
Texas,McLennan,48309,0.02,,,,,,0.02,,,,,,,
Texas,Medina,48325,5.31,,,,,,5.31,0.0282,,,,,,0.0282
Texas,Midland,48329,60,,,,,,60,,,,,,,
Texas,Milam,48331,,,,,,,,,0.25,,,,,0.25
Texas,Parmer,48369,236.9,,,,,,236.9,101.9,,,,,,101.9
Texas,Pecos,48371,,,,,,,,,537,,537,537,,1074
Texas,Rains,48379,,,,,,,,4.53,,,,,,4.53
Texas,Rockwall,48397,,,,,,,,2.07,,,,,,2.07
Texas,San Saba,48411,0.0259,,,,,,0.0259,,,,,,,
Texas,Sherman,48421,,,,14,14,28,14,,,,,,,
Texas,Smith,48423,0.02,,,,,,0.02,,,,,,,
Texas,Stonewall,48433,,,,,,,,,,,2,2,,2
Texas,Taylor,48441,7.92,,,,,,7.92,2.42,,,,,,2.42
Texas,Terry,48445,167,30,,,,,197,232.5,,,,,,232.5
Texas,Uvalde,48463,,20,,,,,20,,,,,,,
Texas,Van Zandt,48467,,,,,,,,3.2,,,,,,3.2
Texas,Victoria,48469,0.57,,,,,,0.57,10,,,,,,10
Texas,Waller,48473,4,,,,,,4,,,,,,,
Texas,Washington,48477,9.145,,,,,,9.145,,,,,,,
Texas,Webb,48479,,,,,,,,20,,,,,,20
Texas,Wharton,48481,,,,,,,,1.22,,,,,,1.22
Texas,Wichita,48485,,,,,,,,,20,,,,,20
Texas,Wilbarger,48487,1.75,53.08,,,,,54.83,,10,,,,,10
Texas,Williamson,48491,,0.2,,,,,0.2,2.72,,,,,,2.72
Texas,Yoakum,48501,4.6,2,,,,,6.6,,,,,,,
Utah,Beaver,49001,4.54,,,,,,4.54,,,,,,,
Utah,Box Elder,49003,80.6,,,,,,80.6,,,,,,,
Utah,Duchesne,49013,57.61,,,,,,57.61,3.82,,,,,,3.82
Utah,Emery,49015,7.72,,,,,,7.72,,,,,,,
Utah,Iron,49021,,,,,,,,,,,,,,
Utah,Juab,49023,7,,,,,,7,,,,,,,
Utah,Millard,49027,32.25,,,,,,32.25,34.86,,,,,,34.86
Utah,Sanpete,49039,,,,,,,,,,,,,,
Utah,Sevier,49041,5,,,,,,5,4.26,,,,,,4.26
Utah,Uintah,49047,9,,,,,,9,,,,,,,
Utah,Utah,49049,,,,,,,,,,,,,,
Utah,Wayne,49055,4,,,,,,4,,,,,,,
Utah,Weber,49057,,,,,,,,,,,,,,
VERMONT,Addison,50001,3.5,,,,,,3.5,,,,,,,
VERMONT,Bennington,50003,,,,,,,,1,,,,,,1
VERMONT,Caledonia,50005,48.55,,,,,,48.55,2,,,,,,2
VERMONT,Chittenden,50007,16.4,,,,,,16.4,19.3,,,,,,19.3
VERMONT,Franklin,50011,17.631,,,,,,17.631,12.65,,,,,,12.65
VERMONT,GRAND ISL,50013,,,,,,,,,,,,,,
VERMONT,Grand Isle,50013,,,,,,,,46.03,,,6.72,6.72,,52.75
VERMONT,Lamoille,50015,,,,,,,,,,,,,,
VERMONT,Orange,50017,,,,,,,,,,,,,,
VERMONT,Orleans,50019,30,,,,,,30,,,,,,,
VERMONT,Rutland,50021,9.4,,,,,,9.4,0.25,,,,,,0.25
VERMONT,Washington,50023,2.4,,,,,,2.4,0.045,,,,,,0.045
VERMONT,Windham,50025,0.004,,,,,,0.004,,,,,,,
VIRGINIA,Amelia,51007,9.9,,,,,,9.9,3,,,,,,3
VIRGINIA,Augusta,51015,2.5,,,,,,2.5,2.5,,,,,,2.5
VIRGINIA,Bedford,51019,2,,,,,,2,3.58,,,,,,3.58
VIRGINIA,Bland,51021,,,,,,,,,,,,,,
VIRGINIA,Brunswick,51025,55.3,5.8,,,,,61.1,5.5,,,,,,5.5
VIRGINIA,Buckingham,51029,1.1,,,,,,1.1,1,,,0.1,0.1,,1.1
VIRGINIA,"Campbell, Lynchburg City",51031,17,,,,,,17,,,,,,,
VIRGINIA,Caroline,51033,3.09,,,0.5,0.5,1,3.59,,,,,,,
VIRGINIA,"Carroll, East Galax City",51035,,,,,,,,,,,,,,
VIRGINIA,Charles City,51036,,,,,,,,,,,,,,
VIRGINIA,Charlotte,51037,28.5,,,,,,28.5,12.08,,,,,,12.08
VIRGINIA,Chesapeake,51550,,5.54,,,,,5.54,,,,,,,
VIRGINIA,Culpeper,51047,0.5,,,,,,0.5,,,,,,,
VIRGINIA,"Dinwiddie, Petersburg City",51053,4,,,,,,4,2.65,,,,,,2.65
VIRGINIA,Fauquier,51061,,,,,,,,1.4,,,,,,1.4
VIRGINIA,Floyd,51063,0.61,,,,,,0.61,,,,,,,
VIRGINIA,Franklin,51067,,,,,,,,3,,,,,,3
VIRGINIA,Gloucester,51073,5.86,,,,,,5.86,5.11,,,,,,5.11
VIRGINIA,"Grayson, West Galax City",51077,,,,,,,,,,,,,,
VIRGINIA,"Greensville, Emporia City",51081,44.6,,,,,,44.6,,,,7.13,7.13,,7.13
VIRGINIA,Halifax,51083,85.43,1.2,,,,,86.63,25.275,,,,,,25.275
VIRGINIA,Hanover,51085,14.26,,,,,,14.26,,,,,,,
VIRGINIA,"Henry, Martinsville City",51089,,,,,,,,,,,,,,
VIRGINIA,King George,51099,40.15,,,40.95,40.95,81.9,81.1,,,,,,,
VIRGINIA,Lee,51105,,,,,,,,,,,,,,
VIRGINIA,Lunenburg,51111,22.8,,,,,,22.8,3.8,,,,,,3.8
VIRGINIA,MADISON,51113,16.65,28.8,,,,,45.45,12,10.09,,,,,22.09
VIRGINIA,Mecklenburg,51117,273.51,46.57,,,,,320.08,69.75,46.57,,,,,116.32
VIRGINIA,Middlesex,51119,,,,,,,,,,,,,,
VIRGINIA,"Montgomery, Radford City",51121,3,,,,,,3,,,,,,,
VIRGINIA,New Kent,51127,0.12,,,,,,0.12,,,,,,,
VIRGINIA,Northampton,51131,,,,,,,,,,,,,,
VIRGINIA,Nottoway,51135,5.24,,2.1,,2.1,2.1,7.34,6,,,,,,6
VIRGINIA,Orange,51137,916.02,,,,,,916.02,,,,,,,
VIRGINIA,Page,51139,0.25,,,,,,0.25,,,,,,,
VIRGINIA,Patrick,51141,1.5,,,,,,1.5,0.86,,,,,,0.86
VIRGINIA,Pittsylvania,51143,49.5,,,,,,49.5,7,,,,,,7
VIRGINIA,Powhatan,51145,,,,,,,,0.71,,,,,,0.71
VIRGINIA,Prince Edward,51147,30.78,,,,,,30.78,,,,,,,
VIRGINIA,"Rockbridge, Buena Vista City, Lexington City",51163,15.67,,,,,,15.67,,,,,,,
VIRGINIA,"Rockingham, Harrisonburg City",51165,0.52,9.75,,,,,10.27,,14,,,,,14
VIRGINIA,ROCKNGHAM,51165,,,,,,,,,,,,,,
VIRGINIA,Russell,51167,40.79,,,,,,40.79,1.1,,,,,,1.1
VIRGINIA,Shenandoah,51171,,2,,,,,2,,,,,,,
VIRGINIA,Smyth,51173,2.5,,,,,,2.5,,,,,,,
VIRGINIA,"Southampton, Franklin City",51175,5,,,,,,5,,,,,,,
VIRGINIA,Suffolk,51800,7.83,,,1,1,2,8.83,1.38,,,,,,1.38
VIRGINIA,Surry,51181,1.08,,,,,,1.08,0.698,,,,,,0.698
VIRGINIA,Sussex,51183,,,,,,,,,,,,,,
VIRGINIA,Tazewell,51185,37.04,,,,,,37.04,,,,,,,
VIRGINIA,Virginia Beach,51810,1.5,,,,,,1.5,,,,,,,
VIRGINIA,"Washington, Bristol City",51191,162.3,,,,,,162.3,1,,,,,,1
VIRGINIA,Wythe,51197,11.76,40.25,,,,,52.01,10.4,5.46,,,,,15.86
Washington,Adams,53001,24.84,,,,,,24.84,,,,,,,
Washington,Benton,53005,102.14,,,7,7,14,109.14,3.75,,6.36,,6.36,,10.11
Washington,Chelan,53007,1,,,,,,1,0.275,,,,,,0.275
Washington,CLARK,53011,0.01,,,,,,0.01,1.83,,,,,,1.83
Washington,Douglas,53017,1.45,0.04,,,,,1.49,,,,,,,
Washington,Franklin,53021,1.82,,,,,,1.82,,0.3,,,,,0.3
Washington,GRANT,53025,85.53,,,44.26,44.26,88.52,129.79,5.03,,,,,,5.03
Washington,Klickitat,53039,,,,,,,,0.43,,,,,,0.43
Washington,LINCOLN,53043,6,,,,,,6,,,,,,,
Washington,Okanogan,53047,2.5,,,,,,2.5,2,,,,,,2
Washington,Pacific,53049,,,,,,,,1.15,,,,,,1.15
Washington,San Juan,53055,5,,,,,,5,,,,,,,
Washington,"Snohomish, North King",53061,,,,,,,,1,,,,,,1
Washington,Spokane,53063,,,,,,,,,9.33,,,,,9.33
Washington,Thurston,53067,0.14,,,,,,0.14,0.09,,,,,,0.09
Washington,Walla Walla,53071,,,10,41,51,92,51,,,20,19,39,,39
Washington,Whatcom,53073,3.5,,,,,,3.5,2.125,,,0.25,0.25,,2.375
Washington,Whitman,53075,0.2,,77.48,62.71,140.19,202.9,140.39,,,,0.22,0.22,,0.22
Washington,Yakima,53077,176.83,,69.45,,69.45,69.45,246.28,231.016,52.61,0.34,1.92,2.26,,285.886
West Virginia,Berkeley,54003,,,,,,,,,,,,,,
West Virginia,Braxton,54007,2,,,,,,2,,,,,,,
West Virginia,Greenbrier,54025,4.54,,,,,,4.54,0.04,,,,,,0.04
West Virginia,Jefferson,54037,1.173,,,,,,1.173,,,,,,,
West Virginia,LINCOLN,54043,0.5,,,,,,0.5,0.5,,,,,,0.5
West Virginia,MASON,54053,,13.8,,,,,13.8,3.8,,,,,,3.8
West Virginia,Monongalia,54061,1.97,,,,,,1.97,0.5,,,,,,0.5
West Virginia,Monroe,54063,8.5,,,,,,8.5,,,,,,,
West Virginia,Preston,54077,1.52,2,,,,,3.52,,1,,,,,1
West Virginia,Putnam,54079,5.2,,,,,,5.2,1.5,,,,,,1.5
West Virginia,Taylor,54091,1,,,,,,1,,,,,,,
West Virginia,Upshur,54097,,,4.87,,4.87,4.87,4.87,,,,,,,
West Virginia,Wayne,54099,,,,,,,,,,,,,,
Wisconsin,Adams,55001,,,,,,,,0.08,,,,,,0.08
Wisconsin,Barron,55005,4,,4.55,,4.55,4.55,8.55,,,,,,,
Wisconsin,Brown,55009,,44.68,,,,,44.68,,,,,,,
Wisconsin,Buffalo,55011,,,,,,,,,,,,,,
Wisconsin,Burnett,55013,4,,,6.66,6.66,13.32,10.66,7.66,,,,,,7.66
Wisconsin,Calumet,55015,,,1,,1,1,1,,,,,,,
Wisconsin,CLARK,55019,,,,15,15,30,15,,,,3.11,3.11,,3.11
Wisconsin,Columbia,55021,60.07,,10.71,,10.71,10.71,70.78,40.14,,,,,,40.14
Wisconsin,Crawford,55023,,,,5,5,10,5,,,,,,,
Wisconsin,Dane,55025,4.6,,,,,,4.6,0.84,,,,,,0.84
Wisconsin,Dodge,55027,12.14,,,,,,12.14,6.64,,,,,,6.64
Wisconsin,Door,55029,5,,,,,,5,2,,,,,,2
Wisconsin,Dunn,55033,,,,,,,,,1.58,,,,,1.58
Wisconsin,Eau Claire,55035,4.07,,,,,,4.07,1.07,,,,,,1.07
Wisconsin,Fond du Lac,55039,50.57,0.5,,,,,51.07,20.48,,,,,,20.48
Wisconsin,GRANT,55043,36.96,,,,,,36.96,,,,,,,
Wisconsin,GREEN,55045,520.19,,,,,,520.19,1,,,,,,1
Wisconsin,Iowa,55049,4.5,,,,,,4.5,,,,,,,
Wisconsin,JACKSON,55053,7.26,,,,,,7.26,2.29,,,5.5,5.5,,7.79
Wisconsin,Jefferson,55055,43.84,,,,,,43.84,7.11,,,,,,7.11
Wisconsin,Juneau,55057,,,,,,,,197.25,,,,,,197.25
Wisconsin,Kenosha,55059,3,5,,,,,8,2,,,,,,2
Wisconsin,Kewaunee,55061,2.75,,,,,,2.75,1.73,,,5.4,5.4,,7.13
Wisconsin,La Crosse,55063,4,2,,,,,6,,,,,,,
Wisconsin,Lafayette,55065,1.33,,,,,,1.33,,,,,,,
Wisconsin,Langlade,55067,,,,,,,,,,,,,,
Wisconsin,LINCOLN,55069,1.85,,,,,,1.85,,,,,,,
Wisconsin,Manitowoc,55071,3,,,,,,3,3,,,,,,3
Wisconsin,Marathon,55073,239.99,,,,,,239.99,188,,,,,,188
Wisconsin,Marinette,55075,1.39,,,,,,1.39,,,,,,,
Wisconsin,Marquette,55077,24.89,,,,,,24.89,27.99,,,,,,27.99
Wisconsin,Milwaukee,55079,0.3,,,,,,0.3,,,,,,,
Wisconsin,Monroe,55081,35.82,,,,,,35.82,,,,,,,
Wisconsin,Oconto,55083,5.14,,,,,,5.14,6.74,,,,,,6.74
Wisconsin,Outagamie,55087,2,0.5,,,,,2.5,1.5,,,,,,1.5
Wisconsin,Ozaukee,55089,17.76,2,,,,,19.76,,,,,,,
Wisconsin,Pepin,55091,,,,,,,,0.25,,,,,,0.25
Wisconsin,Pierce,55093,1.3,,,,,,1.3,1.75,,,,,,1.75
Wisconsin,Polk,55095,,,,,,,,,,,,,,
Wisconsin,Portage,55097,6,,,,,,6,,,,,,,
Wisconsin,Racine,55101,1,,,,,,1,,,,,,,
Wisconsin,Richland,55103,12.6,,,,,,12.6,4.87,,,,,,4.87
Wisconsin,Rock,55105,1701.82,,,,,,1701.82,,38.08,,21,21,,59.08
Wisconsin,Sauk,55111,10.2,6.35,,,,,16.55,,8.27,39.69,,39.69,,47.96
Wisconsin,Shawano,55115,11.57,3,,,,,14.57,10.42,,,,,,10.42
Wisconsin,Sheboygan,55117,,,,2.07,2.07,4.14,2.07,10,,,1.95,1.95,,11.95
Wisconsin,St. Croix,55109,3.7,,,,,,3.7,,,,,,,
Wisconsin,Trempealeau,55121,5.89,,3,,3,3,8.89,,,,,,,
Wisconsin,Vernon,55123,4.45,,,,,,4.45,0.21,,,,,,0.21
Wisconsin,Walworth,55127,15.04,,5.6,,5.6,5.6,20.64,1.02,,,,,,1.02
Wisconsin,Washington,55131,4.79,,,,,,4.79,,0.5,,,,,0.5
Wisconsin,Waukesha,55133,,,,,,,,,,,,,,
Wisconsin,Waupaca,55135,0.3,4.59,,,,,4.89,,,,,,,
Wisconsin,Waushara,55137,,,,,,,,,,,,,,
Wisconsin,Winnebago,55139,,,,,,,,,,,,,,
Wisconsin,Wood,55141,8.25,,,7.57,7.57,15.14,15.82,,,,2,2,,2
Wyoming,Big Horn,56003,102,,,1.86,1.86,3.72,103.86,,,,,,,
Wyoming,Converse,56009,,,,,,,,0.03,,,,,,0.03
Wyoming,Goshen,56015,,20,,,,,20,,215.76,,,,,215.76
Wyoming,Laramie,56021,,25.1,223.29,,223.29,223.29,248.39,,66.64,76.24,,76.24,,142.88
Wyoming,Natrona,56025,,,,,,,,1.02,,,,,,1.02
Wyoming,Park,56029,4,,,,,,4,54,,,,,,54
Wyoming,Platte,56031,5,3,,,,,8,,,,,,,
Wyoming,Sheridan,56033,9.56,,,,,,9.56,,,,,,,
