state,state_fips,county,county_fips,2015,2016,2017,2018,2019,2020,2021
Alabama,1,Autauga,1001,,,,,,12.1,
Alabama,1,Baldwin,1003,,,,,34.34,1,
Alabama,1,Barbour,1005,,,,,36,,
Alabama,1,Bullock,1011,,,,,2,1,
Alabama,1,Calhoun,1015,,,,,,1.66,
Alabama,1,Chambers,1017,,,,,,14,
Alabama,1,Cherokee,1019,,,,,,5,
Alabama,1,Choctaw,1023,,,,,,7,
Alabama,1,Coffee,1031,,,,,48.1,42.58,
Alabama,1,Cullman,1043,,,,,,10,
Alabama,1,De Kalb,1049,,,,,,1,
Alabama,1,Escambia,1053,,,,,,5.5,0.6
Alabama,1,Fayette,1057,,,,,,57.11,60
Alabama,1,Geneva,1061,,,,,332.78,319.16,66
Alabama,1,Henry,1067,,,,,5,7.5,
Alabama,1,Houston,1069,,,,,,10,
Alabama,1,Jackson,1071,,,,,5,15.98,
Alabama,1,Lauderdale,1077,,,,,12.6,,
Alabama,1,Lawrence,1079,,,,,4.5,5,
Alabama,1,Lowndes,1085,,,,,33.61,1,
Alabama,1,Madison,1089,,,,,429.7,414.7,22
Alabama,1,Marion,1093,,,,,,3,
Alabama,1,Mobile,1097,,,,,,8,
Alabama,1,Monroe,1099,,,,,7.1,5,
Alabama,1,Montgomery,1101,,,,,,160,20
Alabama,1,Pickens,1107,,,,,38.75,,
Alabama,1,Pike,1109,,,,,,0.05,
Alabama,1,Shelby,1117,,,,,1.5,,
Alabama,1,Talladega,1121,,,,,,1,
Alabama,1,Wilcox,1131,,,,,33.26,71,13.6
Arizona,4,Graham,4009,,,,,103.8,203.74,
Arizona,4,Maricopa,4013,,,,,,106.96,
Arizona,4,Pinal,4021,,,,,760.26,1.5,1.75
Arizona,4,Yuma,4027,,,,,0,385.29,13.78
Arkansas,5,Ashley,5003,,,,,22,2,
Arkansas,5,Benton,5007,,,,,,5.17,
Arkansas,5,Carroll,5015,,,,,,1.25,3
Arkansas,5,Chicot,5017,,,,,7.5,3,
Arkansas,5,Clark,5019,,,,,,,118.4
Arkansas,5,Cleveland,5025,,,,,,6.7,
Arkansas,5,Conway,5029,,,,,,33.88,
Arkansas,5,Craighead,5031,,,,,,150.41,99.01
Arkansas,5,Crittenden,5035,,,,,,3.06,
Arkansas,5,Cross,5037,,,,,35.1,18.2,
Arkansas,5,Desha,5041,,,,,34.87,1.5,
Arkansas,5,Drew,5043,,,,,3,,
Arkansas,5,Faulkner,5045,,,,,,33.5,3.25
Arkansas,5,Franklin,5047,,,,,,1,
Arkansas,5,Jefferson,5069,,,,,197.9,180.08,28.24
Arkansas,5,Lawrence,5075,,,,,,,5
Arkansas,5,Lee,5077,,,,,,3,
Arkansas,5,Lincoln,5079,,,,,16.3,,
Arkansas,5,Lonoke,5085,,,,,30.23,0.5,8.5
Arkansas,5,Madison,5087,,,,,,2,
Arkansas,5,Marion,5089,,,,,,11,
Arkansas,5,Mississippi,5093,,,,,,20,
Arkansas,5,Monroe,5095,,,,,9,6,
Arkansas,5,Perry,5105,,,,,,5,
Arkansas,5,Pike,5109,,,,,,,0.025
Arkansas,5,Pope,5115,,,,,,1.83,2
Arkansas,5,Prairie,5117,,,,,17.7,15.9,0
Arkansas,5,Pulaski,5119,,,,,,6,
Arkansas,5,Saline,5125,,,,,,,1
Arkansas,5,Sharp,5135,,,,,,10,
Arkansas,5,St Francis,5123,,,,,,1,
Arkansas,5,Washington,5143,,,,,,7.5,4
Arkansas,5,White,5145,,,,,2,,
Arkansas,5,Woodruff,5147,,,,,52.48,,0.31
Arkansas,5,Yell,5149,,,,,52,,
California,6,Butte,6007,,,,,147.09,,18.18
California,6,Fresno,6019,,,,,24.98,362.5,160.12
California,6,Imperial,6025,,,,,244.71,1485.05,20.57
California,6,Kern,6029,,,,,509.2,45,8
California,6,Kings,6031,,,,,137.88,,
California,6,Madera,6039,,,,,,,2
California,6,Modoc,6049,,,,,19,5,
California,6,Plumas,6063,,,,,,15,4.58
California,6,San Diego,6073,,,,,,,0.12
California,6,San Joaquin,6077,,,,,,,32.9
California,6,San Luis Obispo,6079,,,,,,,8
California,6,Siskiyou,6093,,,,,71.6,,
California,6,Solano,6095,,,,,313.35,,
California,6,Sonoma,6097,,,,,,,11.57
California,6,Sutter,6101,,,,,,18.03,22.47
California,6,Ventura,6111,,,,,,,34.4
Colorado,8,Adams,8001,,,,,101,87,
Colorado,8,Alamosa,8003,,45,120,,1463.5,1458.15,
Colorado,8,Arapahoe,8005,2.1,,80,110.39,96.88,116.62,124.65
Colorado,8,Baca,8009,,,,,,659.16,1909.38
Colorado,8,Bent,8011,,,,,,294.74,
Colorado,8,Boulder,8013,,,22.06,22.06,326.2,25,23.34
Colorado,8,Cheyenne,8017,,272,240,,530.5,903.58,
Colorado,8,Conejos,8021,,,,120,98.7,30,
Colorado,8,Costilla,8023,,1,,,60,,
Colorado,8,Crowley,8025,4,50.01,3,9.32,150.23,77.67,4.96
Colorado,8,Delta,8029,,,,88.74,574.57,64.9,
Colorado,8,Dolores,8033,,,,,,34.14,9
Colorado,8,Douglas,8035,,,,,,3.5,
Colorado,8,Elbert,8039,,,,45.8,,2,
Colorado,8,Garfield,8045,,,,106.83,106.83,169.23,
Colorado,8,Kiowa,8061,,,,,123.14,243.17,4569.45
Colorado,8,Kit Carson,8063,,,120,343.37,1406.67,130,
Colorado,8,Larimer,8069,,,20,,1199.25,235.4923,32.86
Colorado,8,Lincoln,8073,,,,,572.78,,
Colorado,8,Logan,8075,,161,26.8,684.49,13.5,69.93,26.33
Colorado,8,Mesa,8077,,,,12,159.32,53.93,16.11
Colorado,8,Montezuma,8083,,,8.91,,30,,
Colorado,8,Montrose,8085,,,61.2,250.04,1649.61,652.21,151.64
Colorado,8,Morgan,8087,,71.81,,,276.57,97,21
Colorado,8,Otero,8089,140.83,112.19,236.52,426.3,948.39,463.682,33.06
Colorado,8,Phillips,8095,,,,,1304.86,0,
Colorado,8,Prowers,8099,,,,0,,1329.56,
Colorado,8,Pueblo,8101,,,,,348.07,92.18,
Colorado,8,Rio Grande,8105,,179.35,120,320,436.8,90,15
Colorado,8,Saguache,8109,,3,9.81,295,4306.35,1503.08,70
Colorado,8,Sedgwick,8115,,,,260,486,156.8,
Colorado,8,Washington,8121,,123,204.42,738.28,689.74,77.89,
Colorado,8,Weld,8123,314.72,700.34,763.36,322.77,1287.73,221.24,
Colorado,8,Yuma,8125,8,374.3,475,1406.4,2151.97,356.7,7.3
Connecticut,9,Fairfield,9001,,,,,,,2.6838
Connecticut,9,Hartford,9003,,,,,,,2.5
Connecticut,9,Litchfield,9005,,,,,,,6.1
Connecticut,9,New Haven,9009,,,,,,0.54,1.3635
Connecticut,9,New London,9011,,,,,,1.4695,0.474
Connecticut,9,Tolland,9013,,,,,,15.94,
Connecticut,9,Windham,9015,,,,,,0.8,
Delaware,10,Kent,10001,,,,,10,,
Delaware,10,New Castle,10003,,,,,,,5.016
Delaware,10,Sussex,10005,,,,,5,1,1.32
Florida,12,Alachua,12001,,,,,,,24.12
Florida,12,Dixie,12029,,,,,,74.58,
Florida,12,Hamilton,12047,,,,,,112.21,
Florida,12,Hillsborough,12057,,,,,,0.04,10
Florida,12,Jackson,12063,,,,,,,12.52
Florida,12,Polk,12105,,,,,,5.45,
Florida,12,Santa Rosa,12113,,,,,,,1.5
Florida,12,Seminole,12117,,,,,,0.21,
Georgia,13,Appling,13001,,,,,,6.135,7.1
Georgia,13,Atkinson,13003,,,,,,1.75,3.8
Georgia,13,Baker,13007,,,,,,0.75,
Georgia,13,Bartow,13015,,,,,,1.9382,0.7687
Georgia,13,Brooks,13027,,,,,,50.074,
Georgia,13,Candler,13043,,,,,,4,8.0034
Georgia,13,Chattooga,13055,,,,,,1,2.74
Georgia,13,Cherokee,13057,,,,,,1.5,
Georgia,13,Clayton,13063,,,,,,2,
Georgia,13,Coffee,13069,,,,,,22.25,1.1
Georgia,13,Colquitt,13071,,,,,,46,3
Georgia,13,Cook,13075,,,,,,4.95,
Georgia,13,Coweta,13077,,,,,,,0.1196
Georgia,13,Crawford,13079,,,,,,,0.7069
Georgia,13,Crisp,13081,,,,,,1,
Georgia,13,Dooly,13093,,,,,,15,
Georgia,13,Dougherty,13095,,,,,,10,2.18
Georgia,13,Early,13099,,,,,,,2
Georgia,13,Effingham,13103,,,,,,1,
Georgia,13,Franklin,13119,,,,,,0.452,0.015
Georgia,13,Fulton,13121,,,,,,1.64,0.6766
Georgia,13,Glascock,13125,,,,,,10,
Georgia,13,Gordon,13129,,,,,,0.2145,
Georgia,13,Greene,13133,,,,,,3.8,5
Georgia,13,Hall,13139,,,,,,0.73,0.73
Georgia,13,Hancock,13141,,,,,,31.31,14
Georgia,13,Hart,13147,,,,,,10.445,0.525
Georgia,13,Henry,13151,,,,,,1.24,0.25
Georgia,13,Irwin,13155,,,,,,26.26,12.46
Georgia,13,Jackson,13157,,,,,,,0.07
Georgia,13,Jasper,13159,,,,,,2,5
Georgia,13,Jefferson,13163,,,,,,1,2.5
Georgia,13,Jones,13169,,,,,,0.5,0.5
Georgia,13,Lamar,13171,,,,,,,0.33
Georgia,13,Long,13183,,,,,,2,3
Georgia,13,Lowndes,13185,,,,,,5.018,
Georgia,13,Lumpkin,13187,,,,,,0.07,7.02
Georgia,13,Mitchell,13205,,,,,,17.5,12.5
Georgia,13,Morgan,13211,,,,,,3.25,0.5
Georgia,13,Oconee,13219,,,,,,0.16,
Georgia,13,Pike,13231,,,,,,8,3.77
Georgia,13,Polk,13233,,,,,,0.057,
Georgia,13,Rabun,13241,,,,,,0.25,1.36
Georgia,13,Randolph,13243,,,,,,0.545,0.045
Georgia,13,Richmond,13245,,,,,,2.99,0.004
Georgia,13,Rockdale,13247,,,,,,1.5,
Georgia,13,Screven,13251,,,,,,3,
Georgia,13,Spalding,13255,,,,,,0.1,0.05
Georgia,13,Stewart,13259,,,,,,3,1.97
Georgia,13,Talbot,13263,,,,,,2.05,2.5
Georgia,13,Tattnall,13267,,,,,,32.3,5
Georgia,13,Terrell,13273,,,,,4,,
Georgia,13,Thomas,13275,,,,,,9,
Georgia,13,Tift,13277,,,,,,6.13,
Georgia,13,Towns,13281,,,,,,0.101,0.057
Georgia,13,Troup,13285,,,,,,,0.012
Georgia,13,Twiggs,13289,,,,,,27.378,0.176
Georgia,13,Upson,13293,,,,,,2.5,2.5
Georgia,13,Walker,13295,,,,,,0.11,0.11
Georgia,13,Walton,13297,,,,,,5.26,0.5
Georgia,13,Washington,13303,,,,,,15,8.0073
Georgia,13,Wayne,13305,,,,,,21.94,9
Georgia,13,Wilkes,13317,,,,,,0.42,
Hawaii,15,Hawaii,15001,,,,,,,0.98
Hawaii,15,Honolulu,15003,,,,,,,8.82
Hawaii,15,Kauai,15007,,,,,,,7.56
Hawaii,15,Maui,15009,,,,,,3.023,0.5
Idaho,16,Benewah,16009,,,,,16,,
Idaho,16,Payette,16075,,,,,15.66,30.95,
Illinois,17,Adams,17001,,,,,,,18.5
Illinois,17,Alexander,17003,,,,,20,,
Illinois,17,Bond,17005,,,,,14,,
Illinois,17,Boone,17007,,,,,12.32,227.24,188.2
Illinois,17,Bureau,17011,,,,,2,11.18,
Illinois,17,Calhoun,17013,,,,,,1,0.78
Illinois,17,Carroll,17015,,,,,399.07,122.29,
Illinois,17,Champaign,17019,,,,,1.33,,
Illinois,17,Christian,17021,,,,,10,,
Illinois,17,Clinton,17027,,,,,3,,
Illinois,17,Coles,17029,,,,,,1,2
Illinois,17,Crawford,17033,,,,,36.1,,
Illinois,17,De Kalb,17037,,,,,116.11,32.94,
Illinois,17,Douglas,17041,,,,,0.5,,
Illinois,17,Edgar,17045,,,,,0.33,4,
Illinois,17,Fayette,17051,,,,,1.5,2.5,1.5
Illinois,17,Ford,17053,,,,,,60.39,
Illinois,17,Franklin,17055,,,,,1.79,,
Illinois,17,Fulton,17057,,,,,13.44,10.72,10.72
Illinois,17,Gallatin,17059,,,,,22.59,,
Illinois,17,Grundy,17063,,,,,59.3,,
Illinois,17,Hamilton,17065,,,,,10.3,5.8,2
Illinois,17,Hancock,17067,,,,,0.55,2.94,0.5
Illinois,17,Henderson,17071,,,,,2,,
Illinois,17,Henry,17073,,,,,,5.99,1.5
Illinois,17,Iroquois,17075,,,,,530.16,115,4
Illinois,17,Jasper,17079,,,,,,,5
Illinois,17,Jersey,17083,,,,,,3.27,
Illinois,17,Jo Daviess,17085,,,,,121.24,23.09,35
Illinois,17,Johnson,17087,,,,,,3.4,10
Illinois,17,Kane,17089,,,,,,17.91,
Illinois,17,Kankakee,17091,,,,,50.13,,25.43
Illinois,17,Kendall,17093,,,,,12.75,5.75,0.5
Illinois,17,Knox,17095,,,,,15.8,10,
Illinois,17,La Salle,17099,,,,,0.34,9.03,0.1
Illinois,17,Lawrence,17101,,,,,69.74,25.84,
Illinois,17,Lee,17103,,,,,21.29,1.97,2.84
Illinois,17,Livingston,17105,,,,,0.5,1,16
Illinois,17,Logan,17107,,,,,0.5,10.44,3
Illinois,17,Macon,17115,,,,,7,14,
Illinois,17,Macoupin,17117,,,,,113.8402,,
Illinois,17,Marion,17121,,,,,,6,2
Illinois,17,Marshall,17123,,,,,1,187.46,225.95
Illinois,17,Mason,17125,,,,,15.28,68.82,23.38
Illinois,17,McDonough,17109,,,,,,68.89,
Illinois,17,McHenry,17111,,,,,106.22,2.14,9.77
Illinois,17,McLean,17113,,,,,3.31,,
Illinois,17,Menard,17129,,,,,50,6,
Illinois,17,Mercer,17131,,,,,50.5,5.32,
Illinois,17,Monroe,17133,,,,,1.2,6.02,5.22
Illinois,17,Montgomery,17135,,,,,12,,
Illinois,17,Ogle,17141,,,,,34.96,29,
Illinois,17,Peoria,17143,,,,,31.63,4.94,2.5
Illinois,17,Piatt,17147,,,,,,0.78,1.51
Illinois,17,Pike,17149,,,,,19.4,20,
Illinois,17,Putnam,17155,,,,,,19.45,3.44
Illinois,17,Randolph,17157,,,,,0.37,,
Illinois,17,Saline,17165,,,,,2,10.82,
Illinois,17,Sangamon,17167,,,,,0,4.91,
Illinois,17,Schuyler,17169,,,,,25.22,14.41,46.12
Illinois,17,Shelby,17173,,,,,,11.76,5
Illinois,17,St Clair,17163,,,,,1,,5
Illinois,17,Stark,17175,,,,,,35.84,35.84
Illinois,17,Stephenson,17177,,,,,195.01,7,
Illinois,17,Tazewell,17179,,,,,7.02,,114.49
Illinois,17,Union,17181,,,,,42,21.34,2
Illinois,17,Vermilion,17183,,,,,255.04,0.25,
Illinois,17,Warren,17187,,,,,97.73,11,6.8
Illinois,17,Washington,17189,,,,,,2,
Illinois,17,White,17193,,,,,70.61,172.73,35.64
Illinois,17,Whiteside,17195,,,,,12.01,2.71,1.21
Illinois,17,Will,17197,,,,,54.67,11.56,7.25
Illinois,17,Winnebago,17201,,,,,8.2,443.32,
Illinois,17,Woodford,17203,,,,,8.84,66,100.31
Indiana,18,Allen,18003,,,,,,,3
Indiana,18,Bartholomew,18005,,,,,206.37,416.93,2.7818
Indiana,18,Blackford,18009,,,,,61.1,3,2.2
Indiana,18,Boone,18011,,,,,35.4,154.18,16.53
Indiana,18,Cass,18017,,,,,504.73,154.73,5.5
Indiana,18,Clark,18019,,,,,,6.06,
Indiana,18,Clay,18021,,,,,,,3.08
Indiana,18,Clinton,18023,,,,,88.22,58.65,
Indiana,18,Daviess,18027,,,,,103.6,51.86,
Indiana,18,Dearborn,18029,,,,,,21,3
Indiana,18,Decatur,18031,,,,,,5,
Indiana,18,Delaware,18035,,,,,35,22.5,25.815
Indiana,18,Elkhart,18039,,,,,404.82,2.5,
Indiana,18,Fayette,18041,,,,,18.38,,0.46
Indiana,18,Floyd,18043,,,,,,0.0959,
Indiana,18,Fountain,18045,,,,,,,3.01
Indiana,18,Franklin,18047,,,,,75.45,,0.0397
Indiana,18,Fulton,18049,,,,,,0.7,
Indiana,18,Grant,18053,,,,,115,820.08,
Indiana,18,Hamilton,18057,,,,,6.96,5.07,
Indiana,18,Hancock,18059,,,,,45,4.63,0.1473
Indiana,18,Harrison,18061,,,,,,1.523,2
Indiana,18,Hendricks,18063,,,,,177.89,,
Indiana,18,Henry,18065,,,,,,14.2,3
Indiana,18,Howard,18067,,,,,30.38,50,1.8022
Indiana,18,Jackson,18071,,,,,182.12,111.22,
Indiana,18,Jasper,18073,,,,,29,4,
Indiana,18,Jay,18075,,,,,,2,1
Indiana,18,Jefferson,18077,,,,,44.7,,
Indiana,18,Johnson,18081,,,,,73.42,13.3,
Indiana,18,Knox,18083,,,,,212.55,0.5,
Indiana,18,Kosciusko,18085,,,,,48.73,2.84,
Indiana,18,La Porte,18091,,,,,4.5,3,1.0552
Indiana,18,Lake,18089,,,,,,,0.0005
Indiana,18,Lawrence,18093,,,,,,2.84,
Indiana,18,Madison,18095,,,,,,180.9,3.71
Indiana,18,Marion,18097,,,,,,,0.1836
Indiana,18,Marshall,18099,,,,,2,,
Indiana,18,Martin,18101,,,,,,3.36,
Indiana,18,Miami,18103,,,,11.8,53,77.8,8.44
Indiana,18,Montgomery,18107,,,,,21.39,,2.925
Indiana,18,Morgan,18109,,,,,,,22.02
Indiana,18,Noble,18113,,,,,58,,1
Indiana,18,Orange,18117,,,,,,,0.769
Indiana,18,Pike,18125,,,,,109.39,13.33,4.56
Indiana,18,Porter,18127,,,,,35,,
Indiana,18,Putnam,18133,,,,,,7.65,1
Indiana,18,Ripley,18137,,,,,10.22,,
Indiana,18,Rush,18139,,,,,28.11,20,10
Indiana,18,Shelby,18145,,,,,,2,
Indiana,18,Spencer,18147,,,,,13.5,6.8,
Indiana,18,St Joseph,18141,,,,,,9.97,
Indiana,18,Starke,18149,,,,,,10.55,1
Indiana,18,Sullivan,18153,,,,,,3,
Indiana,18,Switzerland,18155,,,,,2,,
Indiana,18,Tippecanoe,18157,,,,,37,5.5,6.258
Indiana,18,Vigo,18167,,,,,95,,
Indiana,18,Wabash,18169,,,,,,,1
Indiana,18,Washington,18175,,,,,167.03,50,
Indiana,18,White,18181,,,,,156.4,647.76,115.3
Indiana,18,Whitley,18183,,,,,,,1.41
Iowa,19,Allamakee,19005,,,,,,10.0523,5.4723
Iowa,19,Buchanan,19019,,,,,,1,50.5
Iowa,19,Carroll,19027,,,,,,11.74,3.53
Iowa,19,Cerro Gordo,19033,,,,,,17.5,1
Iowa,19,Davis,19051,,,,,,0.4,
Iowa,19,Decatur,19053,,,,,,0.25,
Iowa,19,Des Moines,19057,,,,,,4,2.06
Iowa,19,Floyd,19067,,,,,,23.25,3
Iowa,19,Hamilton,19079,,,,,,4.81,5
Iowa,19,Hancock,19081,,,,,,2.1,
Iowa,19,Hardin,19083,,,,,,,20
Iowa,19,Henry,19087,,,,,,2,
Iowa,19,Howard,19089,,,,,,2,
Iowa,19,Humboldt,19091,,,,,,108.37,
Iowa,19,Jackson,19097,,,,,,,1
Iowa,19,Jasper,19099,,,,,,0.186,
Iowa,19,Jefferson,19101,,,,,,20.99,
Iowa,19,Johnson,19103,,,,,,15.1,1.88
Iowa,19,Linn,19113,,,,,,34.89,
Iowa,19,Lyon,19119,,,,,,,1.5
Iowa,19,Mills,19129,,,,,,,1
Iowa,19,Muscatine,19139,,,,,,,0.07
Iowa,19,Page,19145,,,,,,16.12,
Iowa,19,Pocahontas,19151,,,,,,4,
Iowa,19,Polk,19153,,,,,,1.02,
Iowa,19,Pottawattamie,19155,,,,,,0.75,
Iowa,19,Ringgold,19159,,,,,,78,
Iowa,19,Tama,19171,,,,,,3.5,
Iowa,19,Warren,19181,,,,,,7.92,6
Iowa,19,Webster,19187,,,,,,10,
Kansas,20,Allen,20001,,,,,10.31,10.31,1.9
Kansas,20,Anderson,20003,,,,,2,0.1,1
Kansas,20,Barber,20007,,,,,,,30
Kansas,20,Barton,20009,,,,,88.2,50.5,149.55
Kansas,20,Brown,20013,,,,,0.9,0.1,
Kansas,20,Butler,20015,,,,,,48.36,71.32
Kansas,20,Clay,20027,,,,,2,8.15,2.72
Kansas,20,Cloud,20029,,,,,0,182.76,
Kansas,20,Cowley,20035,,,,,3.96,3.96,
Kansas,20,Decatur,20039,,,,,8.09,,
Kansas,20,Dickinson,20041,,,,,47.63,7.55,
Kansas,20,Doniphan,20043,,,,,6.25,,
Kansas,20,Edwards,20047,,,,,,0.55,
Kansas,20,Ellis,20051,,,,,15,24.3,0.06
Kansas,20,Finney,20055,,,,,4,7.1,1
Kansas,20,Ford,20057,,,,,60.003,,0.56
Kansas,20,Gray,20069,,,,,80,2283.03,6
Kansas,20,Harvey,20079,,,,,1,1,10.07
Kansas,20,Haskell,20081,,,,,295.77,31.3,0.3
Kansas,20,Jackson,20085,,,,,75.41,40.02,93.61
Kansas,20,Jewell,20089,,,,,4,,
Kansas,20,Johnson,20091,,,,,87.81,,1.0622
Kansas,20,Kearny,20093,,,,,30,,
Kansas,20,Kiowa,20097,,,,,,363,
Kansas,20,Leavenworth,20103,,,,,,,0.65
Kansas,20,Linn,20107,,,,,15.73,,2.37
Kansas,20,Marion,20115,,,,,,0.02,
Kansas,20,McPherson,20113,,,,,,,1
Kansas,20,Miami,20121,,,,,19.13,59.89,
Kansas,20,Mitchell,20123,,,,,289.65,438.1,42.01
Kansas,20,Morris,20127,,,,,,74.57,
Kansas,20,Neosho,20133,,,,,,,0.5
Kansas,20,Norton,20137,,,,,2,0.12,0.12
Kansas,20,Osage,20139,,,,,,,1.08
Kansas,20,Ottawa,20143,,,,,,,5
Kansas,20,Pawnee,20145,,,,,62,,24
Kansas,20,Pottawatomie,20149,,,,,85.67,,
Kansas,20,Reno,20155,,,,,,,3.09
Kansas,20,Rice,20159,,,,,,5,62.61
Kansas,20,Riley,20161,,,,,,6,1.8
Kansas,20,Rush,20165,,,,,,,16.97
Kansas,20,Russell,20167,,,,,28.76,,
Kansas,20,Scott,20171,,,,,44.6,2.4,
Kansas,20,Sedgwick,20173,,,,,,,0.3
Kansas,20,Shawnee,20177,,,,,,,3.905
Kansas,20,Sherman,20181,,,,,127.48,15.5,
Kansas,20,Stafford,20185,,,,,4,2.4,
Kansas,20,Sumner,20191,,,,,17,,
Kansas,20,Thomas,20193,,,,,,2,
Kansas,20,Wabaunsee,20197,,,,,176.92,,
Kansas,20,Wichita,20203,,,,,61.71,,
Kentucky,21,Adair,21001,,,,,80,38,
Kentucky,21,Allen,21003,,,,,,48.25,
Kentucky,21,Ballard,21007,,,,,25.08,,
Kentucky,21,Barren,21009,,,,165,148.82,89.8,28.75
Kentucky,21,Bath,21011,4,15.75,,,45.5,,
Kentucky,21,Boone,21015,,,,,14.5,3.5,
Kentucky,21,Bourbon,21017,17.5,52.46,77.39,165.85,665.85,10,3
Kentucky,21,Boyle,21021,35,15,15,,196.76,67.48,23.08
Kentucky,21,Bracken,21023,,,,,91,10,2
Kentucky,21,Breathitt,21025,,,,,17.43,5,
Kentucky,21,Breckinridge,21027,27,99,66.36,110.8,129.1,29.4,6.24
Kentucky,21,Bullitt,21029,,,,,5,2,
Kentucky,21,Caldwell,21033,32,,,,262.03,50,67
Kentucky,21,Calloway,21035,2.5,36.35,682.41,428.86,1650.05,788.61,329
Kentucky,21,Campbell,21037,,,,,,2,
Kentucky,21,Carlisle,21039,,,,798.92,323.77,,
Kentucky,21,Carroll,21041,,,8,25.29,186.57,67.24,18.56
Kentucky,21,Carter,21043,,,33.2,,47.95,1.2,
Kentucky,21,Casey,21045,,,,,59.25,,
Kentucky,21,Christian,21047,41.29,143.42,173.9,496.6,1278.09,948.69,171.45
Kentucky,21,Clark,21049,58.7,181.77,122.24,99.9,680.07,33.77,0.5
Kentucky,21,Clay,21051,,,4.5,12,84.13,,
Kentucky,21,Clinton,21053,,,,,9.5,0.5,0.25
Kentucky,21,Cumberland,21057,,,,,34,20,12
Kentucky,21,Daviess,21059,30,,,,91.66,11.55,66.08
Kentucky,21,Fayette,21067,33.5,209,116.41,78.5,398.28,53.56,23.5
Kentucky,21,Fleming,21069,,,,,143.18,4,11
Kentucky,21,Franklin,21073,,,,,29,26.94,7
Kentucky,21,Fulton,21075,,,55,187.36,422.03,,
Kentucky,21,Gallatin,21077,,,3,39,234.52,44.1,38
Kentucky,21,Garrard,21079,50,,3.75,34.15,180.3,67.25,
Kentucky,21,Grant,21081,,,5.7,10.5,38.44,,
Kentucky,21,Graves,21083,,,,173.48,3953.22,97.5,101
Kentucky,21,Grayson,21085,,,,,52.5,1.7,
Kentucky,21,Green,21087,3.5,15,,10.51,187.65,13.4,12
Kentucky,21,Greenup,21089,,,,,238.63,1,
Kentucky,21,Hancock,21091,,,,,31.4,19.29,
Kentucky,21,Hardin,21093,,,,,506.37,,
Kentucky,21,Harrison,21097,55.38,226.51,162.27,293.6,1181.85,116.66,2
Kentucky,21,Hart,21099,2,6,,,26,0.25,6.5
Kentucky,21,Henderson,21101,,,,1,55.5,2.75,
Kentucky,21,Henry,21103,,10,1.25,1,47.6,26.25,1.75
Kentucky,21,Hickman,21105,,,194.58,661.6,797,71.97,31.9
Kentucky,21,Hopkins,21107,,,,107,107.7,33.55,2
Kentucky,21,Jackson,21109,4,,,,48.3,,
Kentucky,21,Jessamine,21113,,,40,,69.1,,
Kentucky,21,Kenton,21117,,,,,7.15,2.15,1
Kentucky,21,Larue,21123,,320.68,,,22.75,28.5,
Kentucky,21,Laurel,21125,,21,62.75,140.16,391.99,87.42,65
Kentucky,21,Lewis,21135,,,,,3.5,,4
Kentucky,21,Lincoln,21137,10,,8,8,43,13,
Kentucky,21,Logan,21141,,,1,26.21,149.55,48.22,
Kentucky,21,Lyon,21143,,,,,,7,
Kentucky,21,Madison,21151,,5,15.5,14,24,1,
Kentucky,21,Marion,21155,,76,33.74,118.2,349.65,42.7,19
Kentucky,21,Marshall,21157,,,,,127.85,25,
Kentucky,21,Mason,21161,,10.7,6,10,104.74,28.01,1.1
Kentucky,21,McCracken,21145,,,,,31.5,2,5
Kentucky,21,McLean,21149,15.77,,17.77,15.07,99.76,116.96,33.6
Kentucky,21,Meade,21163,,,,,4,,
Kentucky,21,Menifee,21165,,,,,,0.4,
Kentucky,21,Mercer,21167,,,,,149.91,59.94,
Kentucky,21,Metcalfe,21169,,,,,1.6,,
Kentucky,21,Monroe,21171,,,,,64.25,25.55,
Kentucky,21,Montgomery,21173,27,0.75,16,31.5,155,20,
Kentucky,21,Muhlenberg,21177,,,,,6.25,,
Kentucky,21,Nelson,21179,,71,,68.95,176.3,88.1,
Kentucky,21,Nicholas,21181,,17.55,5,6,157.36,,
Kentucky,21,Ohio,21183,,,,,29,2.25,0.25
Kentucky,21,Oldham,21185,,69.6,50.9,43.15,62.3,13.5,61
Kentucky,21,Owen,21187,,,,10,484.43,338.61,237.56
Kentucky,21,Owsley,21189,,,,,,2,
Kentucky,21,Pendleton,21191,,,,22.5,322.98,2,
Kentucky,21,Powell,21197,,,,,5,,
Kentucky,21,Pulaski,21199,,,11.29,2,94.713,0.5,
Kentucky,21,Robertson,21201,,,,,5,5,
Kentucky,21,Rowan,21205,,,1,1,1,,
Kentucky,21,Scott,21209,8.44,,68.45,92.35,194.46,107.91,67.78
Kentucky,21,Shelby,21211,96.1,6.83,49.12,84.17,88.61,2,
Kentucky,21,Simpson,21213,,,,,14,,
Kentucky,21,Spencer,21215,,,,,179,,
Kentucky,21,Taylor,21217,,,,,50.5,48,27.01
Kentucky,21,Todd,21219,,,,,79.02,35.44,5.93
Kentucky,21,Trigg,21221,,,,10.9,111.5,104.5,
Kentucky,21,Trimble,21223,,,,,80,4,2
Kentucky,21,Union,21225,,,,,,12.35,
Kentucky,21,Warren,21227,,,0,,65,48.22,
Kentucky,21,Washington,21229,,54.47,,,33.6,6.5,1
Kentucky,21,Webster,21233,,,,,20.59,1,
Kentucky,21,Wolfe,21237,,,,,23.5,,
Kentucky,21,Woodford,21239,4,18,2,10.3,19.9,5,
Louisiana,22,Acadia,22001,,,,,,6.88,0.0338
Louisiana,22,Allen,22003,,,,,,5,
Louisiana,22,Ascension,22005,,,,,,2.08,0.17
Louisiana,22,Assumption,22007,,,,,,1.23,
Louisiana,22,Avoyelles,22009,,,,,,3.57,0.15
Louisiana,22,Beauregard,22011,,,,,,7.0759,
Louisiana,22,Caddo,22017,,,,,,1.5571,
Louisiana,22,Calcasieu,22019,,,,,,15.54,0.0491
Louisiana,22,Claiborne,22027,,,,,,0.406,
Louisiana,22,De Soto,22031,,,,,,0.18,0.267
Louisiana,22,East Baton Rouge,22033,,,,,,,0.5
Louisiana,22,East Feliciana,22037,,,,,,0.1296,0.102
Louisiana,22,Evangeline,22039,,,,,,114.64,27.75
Louisiana,22,Franklin,22041,,,,,,32.98,1.5493
Louisiana,22,Iberia,22045,,,,,,,0.0304
Louisiana,22,Iberville,22047,,,,,,3.2347,0.1161
Louisiana,22,Lafayette,22055,,,,,,4.6348,0.0976
Louisiana,22,Lincoln,22061,,,,,,2.59,0.01
Louisiana,22,Livingston,22063,,,,,,0.886,0.0034
Louisiana,22,Madison,22065,,,,,,173.22,
Louisiana,22,Morehouse,22067,,,,,,7,
Louisiana,22,Ouachita,22073,,,,,,24.5403,0.285
Louisiana,22,Pointe Coupee,22077,,,,,,1,
Louisiana,22,Rapides,22079,,,,,,48.04,0.103
Louisiana,22,Richland,22083,,,,,,,1
Louisiana,22,St Charles,22089,,,,,,6.4,
Louisiana,22,St Landry,22097,,,,,,12.0365,9.5065
Louisiana,22,St Martin,22099,,,,,,2.1092,4.22
Louisiana,22,St Tammany,22103,,,,,,0.8213,0.9266
Louisiana,22,Tangipahoa,22105,,,,,,0.41,
Louisiana,22,Terrebonne,22109,,,,,,5.904,0.0494
Louisiana,22,Vermilion,22113,,,,,,1.8939,0.497
Louisiana,22,Vernon,22115,,,,,,0.61,0.25
Louisiana,22,Washington,22117,,,,,,14.8974,
Louisiana,22,West Baton Rouge,22121,,,,,,5.05,0.0184
Louisiana,22,West Feliciana,22125,,,,,,4.45,
Maine,23,Androscoggin,23001,,,,,63.13,,
Maine,23,Aroostook,23003,,,,25,139.5,,
Maine,23,Cumberland,23005,,,,2.46,2.46,,
Maine,23,Franklin,23007,,,,,159.36,,
Maine,23,Kennebec,23011,,,,,,2,
Maine,23,Penobscot,23019,,,,,0,5,
Maine,23,Piscataquis,23021,,,,,2,2,
Maine,23,Somerset,23025,,,,,818.55,12.47,
Maine,23,Waldo,23027,,,,,17.28,,
Maine,23,Washington,23029,,,,,,22.4,
Maryland,24,Carroll,24013,,,,,8.71,0.109,5.9
Maryland,24,Cecil,24015,,,,,,2,
Maryland,24,Charles,24017,,,,,,,0.0001
Maryland,24,Dorchester,24019,,,,,22.64,,2.19
Maryland,24,Frederick,24021,,,,,,17.3,
Maryland,24,Garrett,24023,,,,,,,0.0182
Maryland,24,Harford,24025,,,,,37.18,,
Maryland,24,Howard,24027,,,,,2.24,,
Maryland,24,Kent,24029,,,,,1,2,
Maryland,24,Queen Annes,24035,,,,,64.41,0.87,4.1
Maryland,24,Somerset,24039,,,,,,10,
Maryland,24,Talbot,24041,,,,,,,7.22
Maryland,24,Washington,24043,,,,,7,,
Maryland,24,Wicomico,24045,,,,,90.59,18.31,4.42
Massachusetts,25,Barnstable,25001,,,,,,0.09,
Massachusetts,25,Berkshire,25003,,,,,,8.14,8.97
Massachusetts,25,Bristol,25005,,,,,,12.97,1.27
Massachusetts,25,Essex,25009,,,,,,0.123,0.01
Massachusetts,25,Franklin,25011,,,,,,74.1815,28.5972
Massachusetts,25,Hampden,25013,,,,,,29.1085,20.6029
Massachusetts,25,Hampshire,25015,,,,,,14.8435,4.325
Massachusetts,25,Middlesex,25017,,,,,,4.885,5.034
Massachusetts,25,Nantucket,25019,,,,,,0.11,0.69
Massachusetts,25,Norfolk,25021,,,,,,0.083,0.1
Massachusetts,25,Plymouth,25023,,,,,,9.04,11.81
Massachusetts,25,Worcester,25027,,,,,3.13,15.011,5.104
Michigan,26,Allegan,26005,,,,,9.92,,0.25
Michigan,26,Antrim,26009,,,,,,,0.36
Michigan,26,Arenac,26011,,,,,50.13,,
Michigan,26,Barry,26015,,,,,12.45,,0.22
Michigan,26,Bay,26017,,,,,10,11.68,32.01
Michigan,26,Benzie,26019,,,,,1.15,,
Michigan,26,Berrien,26021,,,,,2.8,0.5,12
Michigan,26,Branch,26023,,,,,13.5,12.61,
Michigan,26,Calhoun,26025,,,,,,1,0.05
Michigan,26,Cheboygan,26031,,,,,3.35,,
Michigan,26,Chippewa,26033,,,,,,3.74,0.899
Michigan,26,Clare,26035,,,,,40.95,62.66,
Michigan,26,Clinton,26037,,,,,,,7.05
Michigan,26,Delta,26041,,,,,1.5,,
Michigan,26,Eaton,26045,,,,,108.55,,
Michigan,26,Genesee,26049,,,,,,13.04,15
Michigan,26,Gladwin,26051,,,,,36.24,,
Michigan,26,Grand Traverse,26055,,,,,7.69,10.73,6.4
Michigan,26,Hillsdale,26059,,,,,,,0.76
Michigan,26,Huron,26063,,,,,395.97,60.22,40.48
Michigan,26,Ingham,26065,,,,,,,1.72
Michigan,26,Iosco,26069,,,,,63.21,,
Michigan,26,Isabella,26073,,,,,52.19,222.79,8.625
Michigan,26,Jackson,26075,,,,,,,6.179
Michigan,26,Kalamazoo,26077,,,,,28,1,0.99
Michigan,26,Kalkaska,26079,,,,,,,1.84
Michigan,26,Kent,26081,,,,,,,1
Michigan,26,Lake,26085,,,,,,,8
Michigan,26,Lapeer,26087,,,,,23.89,,
Michigan,26,Leelanau,26089,,,,,,,1.37
Michigan,26,Lenawee,26091,,,,,,2,5
Michigan,26,Livingston,26093,,,,,,,0.364
Michigan,26,Macomb,26099,,,,,89.85,,
Michigan,26,Manistee,26101,,,,,9.5,13.2,1.0219
Michigan,26,Marquette,26103,,,,,,,11.5
Michigan,26,Mecosta,26107,,,,,189.56,11.84,
Michigan,26,Menominee,26109,,,,,,10,19.46
Michigan,26,Midland,26111,,,,,,23,2.5
Michigan,26,Monroe,26115,,,,,3.5,26.56,
Michigan,26,Montcalm,26117,,,,,,4,
Michigan,26,Montmorency,26119,,,,,1.1,1,
Michigan,26,Muskegon,26121,,,,,5,,2
Michigan,26,Newaygo,26123,,,,,3,9.41,2.6
Michigan,26,Oakland,26125,,,,,20.94,8.75,
Michigan,26,Oceana,26127,,,,,12,74.18,
Michigan,26,Osceola,26133,,,,,,16,24
Michigan,26,Oscoda,26135,,,,,,,0.06
Michigan,26,Ottawa,26139,,,,,,,2.78
Michigan,26,Saginaw,26145,,,,,98.8,11.28,
Michigan,26,Sanilac,26151,,,,,40,42.6,115.86
Michigan,26,Shiawassee,26155,,,,,56.6,34.76,14.76
Michigan,26,St Clair,26147,,,,,,4,
Michigan,26,St Joseph,26149,,,,,87,564.45,11.3
Michigan,26,Tuscola,26157,,,,,184.17,572.63,669.83
Michigan,26,Van Buren,26159,,,,,23.09,8.21,3.634
Michigan,26,Washtenaw,26161,,,,,,,155.82
Michigan,26,Wayne,26163,,,,,,,0.5
Minnesota,27,Aitkin,27001,,,,,,0.48,8.53
Minnesota,27,Anoka,27003,,,,,,2.41,0.65
Minnesota,27,Becker,27005,,,,,30,,0.3
Minnesota,27,Beltrami,27007,,,,,,0.23,1.351
Minnesota,27,Benton,27009,,,,,,0.0203,0.1092
Minnesota,27,Blue Earth,27013,,,,,108.57,8,2.25
Minnesota,27,Brown,27015,,,,,65,87.39,
Minnesota,27,Carlton,27017,,,,,,3.94,3.05
Minnesota,27,Carver,27019,,,,,126.48,6.25,12.38
Minnesota,27,Cass,27021,,,,,,1,
Minnesota,27,Chippewa,27023,,,36,,1,0.12,41.01
Minnesota,27,Chisago,27025,,,,,25.89,3.9013,3.4436
Minnesota,27,Clay,27027,,,,,81,49.56,81.12
Minnesota,27,Cook,27031,,,,,,,0.0098
Minnesota,27,Cottonwood,27033,,,9.48,,13.3,,
Minnesota,27,Crow Wing,27035,,,,,,0.5,9.4
Minnesota,27,Dakota,27037,,,38.62,,123.12,51.5,8.9032
Minnesota,27,Dodge,27039,,,,,,3.19,
Minnesota,27,Douglas,27041,,,,,5,,3.0097
Minnesota,27,Faribault,27043,,,,,70.95,16.81,2.1004
Minnesota,27,Fillmore,27045,,,28.06,2.69,5,74.32,0.27
Minnesota,27,Freeborn,27047,,,,,2.9,6,4.2006
Minnesota,27,Goodhue,27049,,,,,40.75,1.98,13.3
Minnesota,27,Grant,27051,,,,,,9.6,0.67
Minnesota,27,Hennepin,27053,,,,,30.46,11.21,3.37
Minnesota,27,Houston,27055,,,,,5.68,15.71,9.44
Minnesota,27,Hubbard,27057,,,,,,4.87,11.68
Minnesota,27,Isanti,27059,,,,,317.92,2.11,0.7227
Minnesota,27,Itasca,27061,,,,,,0.0002,0.09
Minnesota,27,Jackson,27063,,,,,655.48,,2.8
Minnesota,27,Kanabec,27065,,,,,,6.5,3.0012
Minnesota,27,Kandiyohi,27067,,,,56.53,64.71,,0.0437
Minnesota,27,Kittson,27069,,,,,,,0.0275
Minnesota,27,Lac qui Parle,27073,,,,,,30.08,
Minnesota,27,Lake,27075,,,,,,,0.36
Minnesota,27,Le Sueur,27079,,,,,275.03,82.74,
Minnesota,27,Lyon,27083,,,,,,,0.5
Minnesota,27,Mahnomen,27087,,,,,,19.92,
Minnesota,27,Marshall,27089,,,100.48,65.23,82.5,401.1,119.96
Minnesota,27,Martin,27091,,,,42,156.59,41.54,10.37
Minnesota,27,McLeod,27085,,,19.7,,22,7,17.12
Minnesota,27,Meeker,27093,,,,,13,8,4.51
Minnesota,27,Mille Lacs,27095,,,,34.51,36.51,1.136,1.7499
Minnesota,27,Morrison,27097,,,,,,,0.0001
Minnesota,27,Mower,27099,,,112.1,,32.05,8.21,56.429
Minnesota,27,Murray,27101,,,4.5,,,67.37,0.75
Minnesota,27,Nicollet,27103,,,,,492.84,30,2.93
Minnesota,27,Nobles,27105,,,,,5,,
Minnesota,27,Norman,27107,,,,40,125,58.8,55.49
Minnesota,27,Olmsted,27109,,,,,,16.94,5.25
Minnesota,27,Otter Tail,27111,,,,,59.23,120.5,12.63
Minnesota,27,Pennington,27113,,,,,21,105.9,222.027
Minnesota,27,Pine,27115,,,6,,,3.5,24.6396
Minnesota,27,Polk,27119,,,631.47,295.18,720.64,567.87,1.3269
Minnesota,27,Ramsey,27123,,,,,,0.5544,0.6708
Minnesota,27,Red Lake,27125,,,241.96,,251.99,122.41,0.12
Minnesota,27,Redwood,27127,,,,,51.98,50,65.442
Minnesota,27,Renville,27129,,,,,71.67,121.58,11.4
Minnesota,27,Rice,27131,,,,,6,,0.95
Minnesota,27,Rock,27133,,,,,178.09,3.55,
Minnesota,27,Roseau,27135,,,,,174.88,942.5,646.41
Minnesota,27,Scott,27139,,,,,,,0.05
Minnesota,27,Sherburne,27141,,,,,4.5,20.1,3.79
Minnesota,27,Sibley,27143,,,,,1111.99,,
Minnesota,27,St Louis,27137,,,,,,,9.0465
Minnesota,27,Stearns,27145,,,,,17.33,149.43,65.22
Minnesota,27,Steele,27147,,,57.75,18.74,233.27,,0.102
Minnesota,27,Stevens,27149,,,14.4,,,,
Minnesota,27,Swift,27151,,,,,22,,0.01
Minnesota,27,Todd,27153,,,,,,122.93,412.72
Minnesota,27,Traverse,27155,,,,,219.51,,
Minnesota,27,Wabasha,27157,,,43.4,,39.8,3.7,22.6
Minnesota,27,Wadena,27159,,,,,,0.99,0.5
Minnesota,27,Waseca,27161,,,,,110.1,,
Minnesota,27,Washington,27163,,18,85.08,28.24,14.65,16.6713,12.1072
Minnesota,27,Wilkin,27167,,,,,3.31,150.5,101.38
Minnesota,27,Winona,27169,,,,,,0.62,
Minnesota,27,Wright,27171,,,,,10.34,27.419,42.48
Minnesota,27,Yellow Medicine,27173,,,,,,,0.23
Mississippi,28,Adams,28001,,,,,,,0.533
Mississippi,28,Bolivar,28011,,,,,,,0.54
Mississippi,28,Clarke,28023,,,,,,,0.0028
Mississippi,28,Forrest,28035,,,,,,,0.1112
Mississippi,28,George,28039,,,,,,,0.58
Mississippi,28,Greene,28041,,,,,,,0.5045
Mississippi,28,Hancock,28045,,,,,,,0.1272
Mississippi,28,Hinds,28049,,,,,,,3.0107
Mississippi,28,Itawamba,28057,,,,,,,0.102
Mississippi,28,Jackson,28059,,,,,,,0.25
Mississippi,28,Jasper,28061,,,,,,,0.0587
Mississippi,28,Jefferson Davis,28065,,,,,,,0.0056
Mississippi,28,Jones,28067,,,,,,,0.0437
Mississippi,28,Kemper,28069,,,,,,,0.023
Mississippi,28,Lafayette,28071,,,,,,,0
Mississippi,28,Lamar,28073,,,,,,,0.0021
Mississippi,28,Lauderdale,28075,,,,,,,15.16
Mississippi,28,Leake,28079,,,,,,,4.0029
Mississippi,28,Lee,28081,,,,,,,5.2645
Mississippi,28,Lincoln,28085,,,,,,,0.01
Mississippi,28,Madison,28089,,,,,,,0.0022
Mississippi,28,Marion,28091,,,,,,,0.0393
Mississippi,28,Montgomery,28097,,,,,,,1.23
Mississippi,28,Newton,28101,,,,,,,0.23
Mississippi,28,Oktibbeha,28105,,,,,,,0.18
Mississippi,28,Pearl River,28109,,,,,,,0.21
Mississippi,28,Pontotoc,28115,,,,,,,0.264
Mississippi,28,Rankin,28121,,,,,,,0.0946
Mississippi,28,Scott,28123,,,,,,,1.0935
Mississippi,28,Simpson,28127,,,,,,,0.02
Mississippi,28,Sunflower,28133,,,,,,,3
Mississippi,28,Tallahatchie,28135,,,,,,,6.034
Mississippi,28,Tate,28137,,,,,,,0.5451
Mississippi,28,Union,28145,,,,,,,2
Mississippi,28,Walthall,28147,,,,,,,0.3857
Mississippi,28,Warren,28149,,,,,,,0.34
Missouri,29,Atchison,29005,,,,,0.04,0.52,0.17
Missouri,29,Barry,29009,,,,,,1.4,
Missouri,29,Barton,29011,,,,,,,77
Missouri,29,Bates,29013,,,,,,12.22,10.27
Missouri,29,Bollinger,29017,,,,,,,102.9
Missouri,29,Boone,29019,,,,,1,1.2,1.913
Missouri,29,Buchanan,29021,,,,,,39.87,
Missouri,29,Butler,29023,,,,,,15.5,4
Missouri,29,Callaway,29027,,,,,,0.07,0.07
Missouri,29,Cape Girardeau,29031,,,,,,27.12,81.9
Missouri,29,Cass,29037,,,,,,11.92,0.34
Missouri,29,Chariton,29041,,,,,,5.17,0.17
Missouri,29,Christian,29043,,,,,,2,
Missouri,29,Clark,29045,,,,,,,1
Missouri,29,Clay,29047,,,,,,3.381,0.0099
Missouri,29,Clinton,29049,,,,,,1,3.2
Missouri,29,Cole,29051,,,,,,,5.0746
Missouri,29,Cooper,29053,,,,,,,0.1
Missouri,29,De Kalb,29063,,,,,,0.25,
Missouri,29,Douglas,29067,,,,,,0.0138,0.029
Missouri,29,Dunklin,29069,,,,,,55,
Missouri,29,Franklin,29071,,,,,,21.31,20.07
Missouri,29,Gasconade,29073,,,,,,71.55,2
Missouri,29,Gentry,29075,,,,,5.67,1.63,0.6
Missouri,29,Greene,29077,,,,,,8.787,
Missouri,29,Grundy,29079,,,,,,3.5,
Missouri,29,Harrison,29081,,,,,,0.1,
Missouri,29,Holt,29087,,,,,,2,
Missouri,29,Howell,29091,,,,,,44,67.35
Missouri,29,Jackson,29095,,,,,,0.57,
Missouri,29,Jasper,29097,,,,,,10.68,3.18
Missouri,29,Jefferson,29099,,,,,,0.041,0.19
Missouri,29,Johnson,29101,,,,,,1,
Missouri,29,Knox,29103,,,,,0.26,0.89,1.85
Missouri,29,Lafayette,29107,,,,,,29.19,32.76
Missouri,29,Lawrence,29109,,,,,,5,11
Missouri,29,Linn,29115,,,,,,2.35,2.12
Missouri,29,Macon,29121,,,,,,,1.803
Missouri,29,Marion,29127,,,,,,7.8,
Missouri,29,McDonald,29119,,,,,,1.5,
Missouri,29,Miller,29131,,,,,,1.001,
Missouri,29,Moniteau,29135,,,,,,9.5,3.1
Missouri,29,Montgomery,29139,,,,,,29.572,3
Missouri,29,Newton,29145,,,,,,,8
Missouri,29,Nodaway,29147,,,,,,0.5,63.79
Missouri,29,Oregon,29149,,,,,,20.12,0.86
Missouri,29,Osage,29151,,,,,,16,16
Missouri,29,Ozark,29153,,,,,,0.6,
Missouri,29,Platte,29165,,,,,,162.22,20.17
Missouri,29,Polk,29167,,,,,,2.2264,0.0134
Missouri,29,Reynolds,29179,,,,,,2.5,2.991
Missouri,29,Saline,29195,,,,,,2.15,
Missouri,29,Scott,29201,,,,,,90.9,515.7
Missouri,29,Shannon,29203,,,,,,,0.016
Missouri,29,St Charles,29183,,,,,,16.7,55.14
Missouri,29,St Louis,29189,,,,,,4.23,0.2
Missouri,29,Ste. Genevieve,29186,,,,,,3,
Missouri,29,Vernon,29217,,,,,,10,195.2
Missouri,29,Warren,29219,,,,,,5.43,6.92
Missouri,29,Webster,29225,,,,,,0.0275,
Missouri,29,Wright,29229,,,,,,4.33,5.45
Montana,30,Beaverhead,30001,,,,,56,14,
Montana,30,Blaine,30005,,,,215.415,3233.04,257.81,0.25
Montana,30,Carbon,30009,,,,,,,240.71
Montana,30,Carter,30011,,,,,1285.62,,1099.36
Montana,30,Cascade,30013,,,,21.85,1118.05,1187.19,
Montana,30,Chouteau,30015,,,2,239.57,815.92,1423.31,870.55
Montana,30,Custer,30017,,,,,,167.23,
Montana,30,Daniels,30019,,,,,5276.83,733.4,546.68
Montana,30,Dawson,30021,,,,38.36,2353.99,,
Montana,30,Fallon,30025,,,,,199.48,,
Montana,30,Fergus,30027,,,,,45,194.83,
Montana,30,Flathead,30029,,,10.01,,10,6,
Montana,30,Glacier,30035,,,,,2002.69,115.65,
Montana,30,Golden Valley,30037,,,,,146.74,,
Montana,30,Hill,30041,,,86.45,101.8,7807.78,,300.12
Montana,30,Judith Basin,30045,,,,,355.82,,
Montana,30,Lewis and Clark,30049,,,7.3,,103.47,130.86,
Montana,30,Liberty,30051,,,99.94,280.12,3291.4,885.7,113.09
Montana,30,Lincoln,30053,,,,,,,0.04
Montana,30,Madison,30057,,,,,25.86,,
Montana,30,Meagher,30059,,,,,289.22,,
Montana,30,Phillips,30071,,,,25.06,,477.69,33.33
Montana,30,Pondera,30073,,,90.11,351.1,2613.91,323.74,154.61
Montana,30,Powell,30077,,,,,75.18,78.65,
Montana,30,Prairie,30079,,,,,66.68,,
Montana,30,Ravalli,30081,,,,,,2,82.92
Montana,30,Richland,30083,,,,139.37,369.24,279.47,
Montana,30,Roosevelt,30085,,,3,7050.73,1558.78,725.21,637.2
Montana,30,Sheridan,30091,,,,1564.28,1258.28,,
Montana,30,Teton,30099,,,158.97,240.97,5109.8,2236.54,776.64
Montana,30,Toole,30101,,,119.54,2891.98,4400.15,,
Montana,30,Valley,30105,,,,,466.21,1676.18,977.84
Montana,30,Wheatland,30107,,,,,518.97,,
Montana,30,Yellowstone,30111,,,,,52.27,,
Nebraska,31,Adams,31001,,,,,,1.56,
Nebraska,31,Antelope,31003,,,,,,14,
Nebraska,31,Banner,31007,,,,,,1,0.5
Nebraska,31,Box Butte,31013,,,,,,13.69,53
Nebraska,31,Buffalo,31019,,,,,,0.1918,53.25
Nebraska,31,Burt,31021,,,,,,11.68,
Nebraska,31,Butler,31023,,,,,,0.156,0.133
Nebraska,31,Cass,31025,,,,,,0.8,0.09
Nebraska,31,Cedar,31027,,,,,,1,1
Nebraska,31,Cherry,31031,,,,,,28.1775,7.5775
Nebraska,31,Cheyenne,31033,,,,,,0.1,10.1
Nebraska,31,Dawes,31045,,,,,,,0.1
Nebraska,31,Dawson,31047,,,,,,1.15,
Nebraska,31,Dodge,31053,,,,,,13.54,39.48
Nebraska,31,Douglas,31055,,,,,,0.2456,0.2981
Nebraska,31,Furnas,31065,,,,,,,6.7
Nebraska,31,Gage,31067,,,,,,6.766,2.31
Nebraska,31,Gosper,31073,,,,,,2.633,0.64
Nebraska,31,Hall,31079,,,,,,1,
Nebraska,31,Hamilton,31081,,,,,,0.5,0.65
Nebraska,31,Hitchcock,31087,,,,,,9,
Nebraska,31,Holt,31089,,,,,13.41,,
Nebraska,31,Jefferson,31095,,,,,,0.234,0.15
Nebraska,31,Johnson,31097,,,,,,1.5,1.5
Nebraska,31,Keith,31101,,,,,,82.05,11
Nebraska,31,Knox,31107,,,,,,0.45,
Nebraska,31,Lancaster,31109,,,,,,30.349,2.0282
Nebraska,31,Logan,31113,,,,,,6.73,
Nebraska,31,Morrill,31123,,,,,,0.03,
Nebraska,31,Otoe,31131,,,,,,3.25,7.8
Nebraska,31,Pawnee,31133,,,,,,0.0134,
Nebraska,31,Perkins,31135,,,,,,0.22,0.371
Nebraska,31,Phelps,31137,,,,,,2,1
Nebraska,31,Pierce,31139,,,,,,6,0.4
Nebraska,31,Platte,31141,,,,,1,13.34,27.305
Nebraska,31,Red Willow,31145,,,,,,13.32,11.15
Nebraska,31,Richardson,31147,,,,,,18,10
Nebraska,31,Saline,31151,,,,,,,0.12
Nebraska,31,Sarpy,31153,,,,,,0.78,0.4499
Nebraska,31,Saunders,31155,,,,,,2.024,3.4
Nebraska,31,Scotts Bluff,31157,,,,,2,1.979,1.5
Nebraska,31,Seward,31159,,,,,,13.6978,0.43
Nebraska,31,Sheridan,31161,,,,,,129.122,6
Nebraska,31,Washington,31177,,,,,,0.1033,
Nebraska,31,York,31185,,,,,,1,
Nevada,32,Churchill,32001,,,,,54.72,14.7,9.32
Nevada,32,Douglas,32005,,,,,,7.4,
Nevada,32,Elko,32007,,,,,,2,
Nevada,32,Eureka,32011,,,,,,0.7,
Nevada,32,Humboldt,32013,,155.31,95.76,110.19,,,
Nevada,32,Lander,32015,,,,,398.45,23.18,
Nevada,32,Lyon,32019,,,,,,6.51,
Nevada,32,Nye,32023,,,,,,2.19,
Nevada,32,Pershing,32027,,,,,118.27,0.17,
Nevada,32,Washoe,32031,,,,,214.01,,
New Hampshire,33,Belknap,33001,,,,,,0.02,0.076
New Hampshire,33,Carroll,33003,,,,,,,0.34
New Hampshire,33,Cheshire,33005,,,,,,,0.59
New Hampshire,33,Coos,33007,,,,,,1.32,0.55
New Hampshire,33,Hillsborough,33011,,,,,,,0.0548
New Hampshire,33,Merrimack,33013,,,,,,0.01,0.1629
New Hampshire,33,Rockingham,33015,,,,,,,0.01
New Jersey,34,Atlantic,34001,,,,,,,3
New Jersey,34,Burlington,34005,,,,,,,1
New Jersey,34,Cumberland,34011,,,,,,,8
New Jersey,34,Gloucester,34015,,,,,,10.7,
New Jersey,34,Hunterdon,34019,,,,,,6.32,9.322
New Jersey,34,Mercer,34021,,,,,,1.5,
New Jersey,34,Middlesex,34023,,,,,,,0.259
New Jersey,34,Monmouth,34025,,,,,,,0.0022
New Jersey,34,Morris,34027,,,,,,1.023,3.033
New Jersey,34,Ocean,34029,,,,,,4,2.06
New Jersey,34,Salem,34033,,,,,,,9.2
New Jersey,34,Somerset,34035,,,,,,,1
New Jersey,34,Sussex,34037,,,,,,2.4,18.87
New Jersey,34,Warren,34041,,,,,,4.6865,3.65
New Mexico,35,Chaves,35005,,,,,241.61,137.14,2.71
New Mexico,35,Curry,35009,,,,,,61.08,64.09
New Mexico,35,Dona Ana,35013,,,,,171.44,17.35,3
New Mexico,35,Eddy,35015,,,,,11.6,,
New Mexico,35,Lea,35025,,,,,,,61.86
New Mexico,35,Luna,35029,,,,,416.64,51.46,
New Mexico,35,Mora,35033,,,,,4.81,,
New Mexico,35,Rio Arriba,35039,,,,,,50,
New Mexico,35,Torrance,35057,,,,,,153.88,63.84
New Mexico,35,Union,35059,,,,,2741.68,510.04,
New York,36,Albany,36001,,,,8.5,,,
New York,36,Allegany,36003,,,,,,,2.418
New York,36,Broome,36007,,,,,18.2733,42.16,6.81
New York,36,Cattaraugus,36009,,,,,,20,
New York,36,Cayuga,36011,,,,,202.53,146.86,7.78
New York,36,Chautauqua,36013,,,,,136.61,2,
New York,36,Columbia,36021,,,,30.79,56.49,,0.25
New York,36,Cortland,36023,,,,,28.37,56.45,13.35
New York,36,Delaware,36025,,,,,92.13,,
New York,36,Dutchess,36027,,,,,14.78,,
New York,36,Erie,36029,,,,133.51,97.14,54.78,6.05
New York,36,Franklin,36033,,,,,,1.2,
New York,36,Fulton,36035,,,,,,5.1,0.1
New York,36,Genesee,36037,,,102.94,30,31.19,1,
New York,36,Jefferson,36045,,,,,,245.91,325.23
New York,36,Lewis,36049,,,,,475.82,,
New York,36,Livingston,36051,,,,,,1,1
New York,36,Madison,36053,,,28.89,55.26,,34.8,
New York,36,Monroe,36055,,,,,50.24,2.14,1
New York,36,Montgomery,36057,,,,,25.23,15.09,
New York,36,Onondaga,36067,,,,49.92,92.71,119.97,
New York,36,Ontario,36069,,,42.79,2,23.05,10.43,1.25
New York,36,Orange,36071,,,,,30,110.28,4
New York,36,Orleans,36073,,,90.3,,97.94,1.1,
New York,36,Oswego,36075,,,,11.25,,0.0121,0.5546
New York,36,Otsego,36077,,,,3.54,31.84,4.13,4.13
New York,36,Rensselaer,36083,,,,,25.18,,
New York,36,Schoharie,36095,,,1,,,24.25,
New York,36,Seneca,36099,,,,,,,0.25
New York,36,Suffolk,36103,,,,,27.9,1,
New York,36,Tioga,36107,,,,,21.86,,
New York,36,Tompkins,36109,,,,7,25.4,30,6
New York,36,Ulster,36111,,,,,,,8.03
New York,36,Washington,36115,,,,,62.7,20.3,16.11
New York,36,Wayne,36117,,,,,,6.14,
New York,36,Wyoming,36121,,,,,0.5,,
New York,36,Yates,36123,,,,,23.84,,
North Carolina,37,Alamance,37001,,,,,1,,
North Carolina,37,Alexander,37003,,,,,5.5,,
North Carolina,37,Alleghany,37005,,,,,10.68,,0.16
North Carolina,37,Anson,37007,,,,202.58,60.31,63.23,4.3
North Carolina,37,Ashe,37009,,,,,10.39,6.15,0.5
North Carolina,37,Avery,37011,,,,,0.1,0.3,0.3
North Carolina,37,Beaufort,37013,,,,,20.86,2.3,
North Carolina,37,Bertie,37015,,,159.53,182.67,235,34.97,9
North Carolina,37,Bladen,37017,,,,,12.03,11.43,0
North Carolina,37,Brunswick,37019,,,,1,1.6,,
North Carolina,37,Buncombe,37021,,,,,3,1,13.06
North Carolina,37,Burke,37023,,,,,,15,
North Carolina,37,Cabarrus,37025,,,,,0.76,,
North Carolina,37,Caldwell,37027,,,,,,2,0.03
North Carolina,37,Carteret,37031,,,,,,8.26,
North Carolina,37,Caswell,37033,,,,,66.75,63.36,8.34
North Carolina,37,Catawba,37035,,,,,16.81,,
North Carolina,37,Chatham,37037,,,,1.75,29.84,,
North Carolina,37,Chowan,37041,,,,,21.43,3.8,11.68
North Carolina,37,Cleveland,37045,,,,,,3,
North Carolina,37,Columbus,37047,,,,7.54,13.77,6,100.45
North Carolina,37,Craven,37049,,,,53.11,62.21,1.5,1.25
North Carolina,37,Cumberland,37051,,,,,5.01,,
North Carolina,37,Davie,37059,,,,3.25,12,5.25,0
North Carolina,37,Duplin,37061,,,14.58,,34.37,9.65,
North Carolina,37,Durham,37063,,,,,,0.5,
North Carolina,37,Edgecombe,37065,,,66.78,3.71,905.58,127,
North Carolina,37,Forsyth,37067,,,,5,23.3,3,
North Carolina,37,Franklin,37069,,,23,5.5,84.503,83.1,25.81
North Carolina,37,Gaston,37071,,,,,,0.03,
North Carolina,37,Granville,37077,,,,10.95,130.27,25.57,10
North Carolina,37,Greene,37079,,,,109.77,87.15,21.46,
North Carolina,37,Guilford,37081,,,,44.74,229.61,81.88,8.5
North Carolina,37,Halifax,37083,,,26.15,3,171.07,10.8,
North Carolina,37,Harnett,37085,,,9.06,247.99,710.12,399.94,32.5
North Carolina,37,Haywood,37087,,,,0.9,0.5,,
North Carolina,37,Henderson,37089,,,,,3.2,,
North Carolina,37,Hertford,37091,,,,,208.62,,
North Carolina,37,Hoke,37093,,,,,19,49,
North Carolina,37,Hyde,37095,,,,,2.24,,
North Carolina,37,Iredell,37097,,,,,110.99,7.46,1.8
North Carolina,37,Johnston,37101,,,,37.6,115.32,28.75,4.55
North Carolina,37,Jones,37103,,,,,188.05,,
North Carolina,37,Lee,37105,,,,,435.8,259.81,2.5
North Carolina,37,Lenoir,37107,,,11.86,858.31,114.87,136.93,66.4
North Carolina,37,Lincoln,37109,,,,,6,,
North Carolina,37,Macon,37113,,,,,,10.64,
North Carolina,37,Martin,37117,,,36.96,285.19,215.47,89.45,21.71
North Carolina,37,Montgomery,37123,,,,,26.57,19,
North Carolina,37,Moore,37125,,,,10.44,426.31,62.83,77.06
North Carolina,37,Nash,37127,,,,10.5,135.77,23.37,1.7
North Carolina,37,New Hanover,37129,,,,2.5,,,
North Carolina,37,Northampton,37131,,,24.55,52.5,20.3,7,1.07
North Carolina,37,Onslow,37133,,,,,,1,
North Carolina,37,Orange,37135,,,,,16.5,7.5,15
North Carolina,37,Pamlico,37137,,,,,,,4.55
North Carolina,37,Pender,37141,,,,0.25,16.72,,
North Carolina,37,Perquimans,37143,,,1,,,,
North Carolina,37,Person,37145,,,6,59.34,176,88.21,184.13
North Carolina,37,Pitt,37147,,,20.83,689.79,426.29,32.28,43.79
North Carolina,37,Polk,37149,,,,,4.1,,
North Carolina,37,Randolph,37151,,,,2,78.9,43.75,
North Carolina,37,Richmond,37153,,,,,183.33,,
North Carolina,37,Robeson,37155,,,18.5,2.9,195.5,80.88,
North Carolina,37,Rockingham,37157,,,,0.4,57.3,7,3.8
North Carolina,37,Rowan,37159,,,,,5.39,4.54,3.26
North Carolina,37,Rutherford,37161,,,,,,3,
North Carolina,37,Sampson,37163,,,2.6,38.08,262.34,40.41,
North Carolina,37,Scotland,37165,,,,24,245.01,89.1,4
North Carolina,37,Stanly,37167,,,,,50.69,40,
North Carolina,37,Stokes,37169,,,,2,47.36,1.5,77.35
North Carolina,37,Surry,37171,,,,1.5,37.8,28.54,170.54
North Carolina,37,Vance,37181,,,,,26.6,7,1.2
North Carolina,37,Wake,37183,,,,19.16,103.66,23.5,0.635
North Carolina,37,Warren,37185,,,,12.38,320.2,39.59,152.49
North Carolina,37,Washington,37187,,,,,2.5,8.87,27.08
North Carolina,37,Watauga,37189,,,,,,,0.0012
North Carolina,37,Wayne,37191,,,0.75,83.33,160.71,79.56,3
North Carolina,37,Wilkes,37193,,,,,4.06,,
North Carolina,37,Wilson,37195,,,,8.37,84.76,7.63,
North Carolina,37,Yadkin,37197,,,11,14.27,38.93,11.43,20.86
North Carolina,37,Yancey,37199,,,,,1.02,5,
North Dakota,38,Barnes,38003,,,,,,0.034,0.034
North Dakota,38,Benson,38005,,,130.1,,,,
North Dakota,38,Bottineau,38009,,,,,,135.6102,0.11
North Dakota,38,Bowman,38011,,,,,,,115
North Dakota,38,Burleigh,38015,,,,,109.96,1,
North Dakota,38,Cass,38017,,,,1,259.78,5.5,22.38
North Dakota,38,Dickey,38021,,,,,175.47,9.5,9.55
North Dakota,38,Divide,38023,,,,,80,,5
North Dakota,38,Dunn,38025,,,,10,,,
North Dakota,38,Eddy,38027,,,,20,,,0.005
North Dakota,38,Emmons,38029,,,8.68,87.02,205.12,320.08,
North Dakota,38,Foster,38031,,15,114.44,36,96,173,
North Dakota,38,Grand Forks,38035,,,,112.75,250.35,605.83,356.42
North Dakota,38,Grant,38037,,10,296.32,62.36,104.62,86.22,
North Dakota,38,Griggs,38039,,,,,,,0.002
North Dakota,38,Kidder,38043,,,,271.06,240.05,114.14,
North Dakota,38,La Moure,38045,,31.47,294.34,,184.51,25,
North Dakota,38,McHenry,38049,,,,,,1.75,
North Dakota,38,McIntosh,38051,,,17.36,,32.26,2.25,
North Dakota,38,Morton,38059,,,,,0.41,,
North Dakota,38,Nelson,38063,,,325,844,248,,
North Dakota,38,Pembina,38067,,,51.2,79.25,1129.25,,
North Dakota,38,Pierce,38069,,,187.48,,3,158.5,1
North Dakota,38,Ramsey,38071,,,,,,,0.48
North Dakota,38,Ransom,38073,,,,,,733.23,1.05
North Dakota,38,Rolette,38079,,,,,,,0.5
North Dakota,38,Sargent,38081,,,,5,36.1,12.73,
North Dakota,38,Sheridan,38083,,,37.79,161.6,,,
North Dakota,38,Slope,38087,,,,,,7.25,1
North Dakota,38,Stark,38089,,,267.44,203.09,195.01,127,1.25
North Dakota,38,Stutsman,38093,,,158.58,,4,1,
North Dakota,38,Towner,38095,,,79.1,,58.77,,37.19
North Dakota,38,Traill,38097,,,,,306.44,547.58,230.87
North Dakota,38,Walsh,38099,,,115.62,404,321.32,104.27,204.96
North Dakota,38,Ward,38101,,,,135.15,,7.1,
North Dakota,38,Wells,38103,,14.38,274,71,,2,119.83
North Dakota,38,Williams,38105,,,295.15,165.84,27.74,38.65,
Ohio,39,Adams,39001,,,,,,2.56,
Ohio,39,Allen,39003,,,,,,,1.11
Ohio,39,Ashland,39005,,,,,,1.23,0.13
Ohio,39,Ashtabula,39007,,,,,,1.5,0.85
Ohio,39,Belmont,39013,,,,,,4.59,
Ohio,39,Brown,39015,,,,,,4.1,2.2
Ohio,39,Butler,39017,,,,,,23.44,1.4733
Ohio,39,Carroll,39019,,,,,,1.5,
Ohio,39,Clark,39023,,,,,,2.08,6
Ohio,39,Clermont,39025,,,,,,0.98,1.5
Ohio,39,Clinton,39027,,,,,,0.25,
Ohio,39,Columbiana,39029,,,,,,4.5,
Ohio,39,Coshocton,39031,,,,,,16.37,25.937
Ohio,39,Cuyahoga,39035,,,,,,0.34,
Ohio,39,Delaware,39041,,,,,,25,8.53
Ohio,39,Fairfield,39045,,,,,,,0.68
Ohio,39,Fulton,39051,,,,,,0.32,
Ohio,39,Gallia,39053,,,,,,,2.2
Ohio,39,Geauga,39055,,,,,,7.8,1
Ohio,39,Greene,39057,,,,,,3.41,1.81
Ohio,39,Hardin,39065,,,,,,,802
Ohio,39,Harrison,39067,,,,,,14.82,5.79
Ohio,39,Highland,39071,,,,,,3,
Ohio,39,Holmes,39075,,,,,,2.5,2.53
Ohio,39,Jackson,39079,,,,,,0.861,1
Ohio,39,Knox,39083,,,,,,0.5,1
Ohio,39,Licking,39089,,,,,,3.64,7.28
Ohio,39,Logan,39091,,,,,,3.04,4
Ohio,39,Lorain,39093,,,,,,0.53,1.01
Ohio,39,Mahoning,39099,,,,,,,11.32
Ohio,39,Medina,39103,,,,,,0.17,0.17
Ohio,39,Meigs,39105,,,,,,175.98,26.78
Ohio,39,Miami,39109,,,,,,23.32,
Ohio,39,Montgomery,39113,,,,,,46.84,44.72
Ohio,39,Morgan,39115,,,,,,1.1,
Ohio,39,Morrow,39117,,,,,,9.13,4.74
Ohio,39,Muskingum,39119,,,,,,9.7,7
Ohio,39,Ottawa,39123,,,,,,,0.8
Ohio,39,Perry,39127,,,,,,0,6.41
Ohio,39,Pickaway,39129,,,,,,2,1
Ohio,39,Pike,39131,,,,,,1.5,
Ohio,39,Portage,39133,,,,,,9.06,2.1
Ohio,39,Seneca,39147,,,,,,0.5,
Ohio,39,Shelby,39149,,,,,,1,
Ohio,39,Stark,39151,,,,,,0.3,0.309
Ohio,39,Summit,39153,,,,,,0.02,
Ohio,39,Trumbull,39155,,,,,,10.53,7.78
Ohio,39,Tuscarawas,39157,,,,,,3.58,2.09
Ohio,39,Union,39159,,,,,,4.25,5.85
Ohio,39,Van Wert,39161,,,,,,1,12.5
Ohio,39,Warren,39165,,,,,,15,4.396
Ohio,39,Wayne,39169,,,,,,36,
Oklahoma,40,Alfalfa,40003,,,,,181,,
Oklahoma,40,Bryan,40013,,,,,53.7,106.07,
Oklahoma,40,Caddo,40015,,,,,2160.07,856.62,57
Oklahoma,40,Cimarron,40025,,,,,,0.2,
Oklahoma,40,Custer,40039,,,,,,4.12,
Oklahoma,40,Dewey,40043,,,,,125.16,,
Oklahoma,40,Ellis,40045,,,,,312.91,3,1428.72
Oklahoma,40,Grant,40053,,,,,648.96,,
Oklahoma,40,Harmon,40057,,,,,70.25,,
Oklahoma,40,Jackson,40065,,,,,14.45,,
Oklahoma,40,Johnston,40069,,,,,,72.37,
Oklahoma,40,Kay,40071,,,,,20,,
Oklahoma,40,Kingfisher,40073,,,,,,31,
Oklahoma,40,Kiowa,40075,,,,,140,,
Oklahoma,40,Le Flore,40079,,,,,122.09,769.91,269.74
Oklahoma,40,Logan,40083,,,,,10,,
Oklahoma,40,Muskogee,40101,,,,,290.54,,117.07
Oklahoma,40,Oklahoma,40109,,,,,,,1.8
Oklahoma,40,Pottawatomie,40125,,,,,,20,
Oklahoma,40,Texas,40139,,,,,,,35
Oklahoma,40,Wagoner,40145,,,,,465.64,120,
Oklahoma,40,Washita,40149,,,,,,,111.09
Oklahoma,40,Woods,40151,,,,,,84.82,
Oregon,41,Benton,41003,,,,,20,,
Oregon,41,Clackamas,41005,,,,,30.32,,20
Oregon,41,Crook,41013,,,,,,4,
Oregon,41,Deschutes,41017,,,,,,121.96,
Oregon,41,Douglas,41019,,,145.49,,,,
Oregon,41,Grant,41023,,,,,,2,
Oregon,41,Harney,41025,,,,,545.77,1,
Oregon,41,Hood River,41027,,,,,0.1,0.2,
Oregon,41,Jackson,41029,,,,,,,17.28
Oregon,41,Jefferson,41031,,,,,88.79,46.08,30.08
Oregon,41,Josephine,41033,,,,,55.6,,
Oregon,41,Klamath,41035,,,,,469.81,40.96,3.5
Oregon,41,Lane,41039,,,,,6,3,
Oregon,41,Linn,41043,,,,,145,23.69,
Oregon,41,Malheur,41045,,,,,915.4,225.19,61.18
Oregon,41,Marion,41047,,,2,15,799.81,172.72,
Oregon,41,Morrow,41049,,,,131.55,1463.52,911.36,107.92
Oregon,41,Multnomah,41051,,,,,121.93,6,
Oregon,41,Polk,41053,,,,36.99,237.29,,
Oregon,41,Sherman,41055,,,,,95.22,11.67,
Oregon,41,Umatilla,41059,,,,198.57,1502.82,60.47,22.03
Oregon,41,Union,41061,,,,87.67,306.96,171.83,2
Oregon,41,Wasco,41065,,,17.4,,53.2,75,
Oregon,41,Washington,41067,,5,15,25.92,180.92,35.85,3
Oregon,41,Yamhill,41071,,,,,60.76,10,
Pennsylvania,42,Adams,42001,,,,,103.67,59.401,4.75
Pennsylvania,42,Allegheny,42003,,,,,,2.15,0.14
Pennsylvania,42,Beaver,42007,,,,,,1.5,1.5
Pennsylvania,42,Bedford,42009,,,,,2,,8
Pennsylvania,42,Berks,42011,,,,,129.67,12.2541,0.74
Pennsylvania,42,Blair,42013,,,,,8.64,0.25,2
Pennsylvania,42,Bradford,42015,,,,,,15.382,4.5
Pennsylvania,42,Bucks,42017,,,,,23,13.68,0.5
Pennsylvania,42,Butler,42019,,,,,,14.5411,7.15
Pennsylvania,42,Cambria,42021,,,,,,2.53,
Pennsylvania,42,Centre,42027,,,2.7,,102.64,121.21,15.92
Pennsylvania,42,Chester,42029,,,,,19.94,16.5664,19.4169
Pennsylvania,42,Clarion,42031,,,,,16.39,,
Pennsylvania,42,Clearfield,42033,,,,,,0.3,0.3
Pennsylvania,42,Clinton,42035,,,,,,1.276,0.008
Pennsylvania,42,Columbia,42037,,,,,2.33,2.37,0.25
Pennsylvania,42,Crawford,42039,,,,,51.34,1.1,3.4
Pennsylvania,42,Cumberland,42041,,,,,27.62,3,0.25
Pennsylvania,42,Dauphin,42043,,,,,,1.2,0.8
Pennsylvania,42,Delaware,42045,,,,,,0.68,
Pennsylvania,42,Elk,42047,,,,,,4.55,
Pennsylvania,42,Erie,42049,,,,,1.7,31.8,13.75
Pennsylvania,42,Fayette,42051,,,,,27.35,1.0523,22.96
Pennsylvania,42,Franklin,42055,,,4.5,,56.84,5.5016,0.0016
Pennsylvania,42,Fulton,42057,,,,31.89,,,
Pennsylvania,42,Greene,42059,,,,,,,3.85
Pennsylvania,42,Huntingdon,42061,,,,,,,2
Pennsylvania,42,Indiana,42063,,,,,1,10.5,9.5
Pennsylvania,42,Jefferson,42065,,,,,,2.25,2.25
Pennsylvania,42,Juniata,42067,,,,,,3,
Pennsylvania,42,Lancaster,42071,,,,1.7,52.24,72.4,21.48
Pennsylvania,42,Lawrence,42073,,,,,4.96,8.586,28.09
Pennsylvania,42,Lehigh,42077,,,,,30.15,,1.3
Pennsylvania,42,Luzerne,42079,,,,,,15.183,5.339
Pennsylvania,42,Lycoming,42081,,,,,3.5,36.0815,3
Pennsylvania,42,McKean,42083,,,,,,,0.98
Pennsylvania,42,Mercer,42085,,,,,,10,12.35
Pennsylvania,42,Mifflin,42087,,,,,,2.5,3
Pennsylvania,42,Monroe,42089,,,,,,,1
Pennsylvania,42,Montgomery,42091,,,,,,9.06,
Pennsylvania,42,Montour,42093,,,,,,1.06,
Pennsylvania,42,Northampton,42095,,,,,,0.492,1.15
Pennsylvania,42,Perry,42099,,,,,,1.435,0.75
Pennsylvania,42,Pike,42103,,,,,,0.55,
Pennsylvania,42,Potter,42105,,,,,,1,
Pennsylvania,42,Schuylkill,42107,,,,,24.28,13.075,
Pennsylvania,42,Snyder,42109,,,,,,2,1
Pennsylvania,42,Somerset,42111,,,,,2,18,
Pennsylvania,42,Susquehanna,42115,,,,,,24.6461,4
Pennsylvania,42,Tioga,42117,,,,,,15.57,1.3
Pennsylvania,42,Union,42119,,,,,31.03,5.96,1
Pennsylvania,42,Venango,42121,,,,,,11.57,4
Pennsylvania,42,Warren,42123,,,,,,1.1,
Pennsylvania,42,Washington,42125,,,,,,2.57,0.25
Pennsylvania,42,Wayne,42127,,,,,,3.41,2.1
Pennsylvania,42,Westmoreland,42129,,,,,22,10.0376,3.046
Pennsylvania,42,Wyoming,42131,,,,,,2.07,
Pennsylvania,42,York,42133,,,,,1314.39,30.14,25.38
Puerto Rico,72,Mayaguez,72097,,,,,,9.196,
Puerto Rico,72,Ponce,72113,,,,,,,0.08
Rhode Island,44,Washington,44009,,,,,,6.53,
South Carolina,45,Abbeville,45001,,,,,,,0.0482
South Carolina,45,Aiken,45003,,,,,,25.15,12.36
South Carolina,45,Allendale,45005,,,,,181.4,2.5,0.5
South Carolina,45,Anderson,45007,,,,,,16,8.566
South Carolina,45,Barnwell,45011,,,,,,1,
South Carolina,45,Beaufort,45013,,,,,,7.71,9.9
South Carolina,45,Berkeley,45015,,,,,,,8.24
South Carolina,45,Calhoun,45017,,,,,3,6.3,16
South Carolina,45,Charleston,45019,,,,,,,0.26
South Carolina,45,Cherokee,45021,,,,,,,4.1
South Carolina,45,Chester,45023,,,,,,,0.125
South Carolina,45,Clarendon,45027,,,,,40.43,6,
South Carolina,45,Colleton,45029,,,,,25.36,,1.439
South Carolina,45,Darlington,45031,,,,,8,2,4.82
South Carolina,45,Dillon,45033,,,,,,,0.11
South Carolina,45,Dorchester,45035,,,,,28.58,0.1,1.0012
South Carolina,45,Edgefield,45037,,,,,,1.5,1.2
South Carolina,45,Fairfield,45039,,,,,,,0.19
South Carolina,45,Florence,45041,,,,32.37,7,6,0.07
South Carolina,45,Georgetown,45043,,,,,36.7,6.5,33.1265
South Carolina,45,Greenville,45045,,,,,,2,1.482
South Carolina,45,Hampton,45049,,,,,,3.73,17.56
South Carolina,45,Horry,45051,,,,,34.32,4,0.296
South Carolina,45,Kershaw,45055,,,,,,,5
South Carolina,45,Lancaster,45057,,,,,,,0.9
South Carolina,45,Lexington,45063,,,,,,22.04,14.82
South Carolina,45,Marion,45067,,,,27.5,75.5,55.54,13.8
South Carolina,45,Marlboro,45069,,,,,,16,7
South Carolina,45,Newberry,45071,,,,,,,1
South Carolina,45,Oconee,45073,,,,,,,14.025
South Carolina,45,Orangeburg,45075,,,,12.95,71.21,104,110.77
South Carolina,45,Pickens,45077,,,,,,,8.21
South Carolina,45,Richland,45079,,,,,0.5,2.5,4.001
South Carolina,45,Saluda,45081,,,,,15.87,9.444,
South Carolina,45,Spartanburg,45083,,,,,,,4.34
South Carolina,45,Sumter,45085,,,,,150.6,58.18,
South Carolina,45,Union,45087,,,,,,,0.92
South Carolina,45,Williamsburg,45089,,,,13,75.43,14.13,1.61
South Dakota,46,Beadle,46005,,,,,,,890.46
South Dakota,46,Brown,46013,,,,,,,34
South Dakota,46,Clark,46025,,,,,,,152.69
South Dakota,46,Clay,46027,,,,,,,51.7
South Dakota,46,Custer,46033,,,,,,,5.5
South Dakota,46,Davison,46035,,,,,,,8.02
South Dakota,46,Hand,46059,,,,,,,421.83
South Dakota,46,Hughes,46065,,,,,,,3
South Dakota,46,Kingsbury,46077,,,,,,,6
South Dakota,46,Lake,46079,,,,,,,0.5
South Dakota,46,Lyman,46085,,,,,,,11
South Dakota,46,Moody,46101,,,,,130.35,,
South Dakota,46,Roberts,46109,,,,,,32.69,31.69
South Dakota,46,Spink,46115,,,,,,,99.44
South Dakota,46,Todd,46121,,,,,,,122.27
South Dakota,46,Walworth,46129,,,,,,,5
Tennessee,47,Anderson,47001,,,,,,0.821,0.001
Tennessee,47,Bedford,47003,,,,,60.76,15.172,1.0463
Tennessee,47,Benton,47005,,,,,1,0.8263,0.0014
Tennessee,47,Bledsoe,47007,,,,,,2.0735,0.33
Tennessee,47,Blount,47009,,,,,,1.4501,
Tennessee,47,Bradley,47011,,,,,10.51,17.7916,5.52
Tennessee,47,Campbell,47013,,,,,,0.04,
Tennessee,47,Cannon,47015,,,,,,2.5,0.5
Tennessee,47,Carroll,47017,,,,,,0.25,
Tennessee,47,Carter,47019,,,,,,3.5,2.614
Tennessee,47,Cheatham,47021,,,,,4,7.5,0.5
Tennessee,47,Claiborne,47025,,,,10,80.84,16.0402,1.471
Tennessee,47,Clay,47027,,,,,6.28,,
Tennessee,47,Cocke,47029,,,,,,0.5717,0.95
Tennessee,47,Coffee,47031,,,,,16,4.482,1.83
Tennessee,47,Crockett,47033,,,,,2.6,18.5,2.5
Tennessee,47,Cumberland,47035,,,,,,6.7566,1.1641
Tennessee,47,Davidson,47037,,,,,,13.9928,0.15
Tennessee,47,De Kalb,47041,,,,,,24.2804,3.66
Tennessee,47,Dickson,47043,,,,,6.5,,
Tennessee,47,Dyer,47045,,,,,143.15,9.87,
Tennessee,47,Fayette,47047,233.38,,,,,5.166,
Tennessee,47,Fentress,47049,,,,,,4.54,
Tennessee,47,Franklin,47051,,,,,,6.425,
Tennessee,47,Gibson,47053,,,,,,0.58,
Tennessee,47,Giles,47055,,,,,2.57,8.98,0.165
Tennessee,47,Grainger,47057,,,,,72.83,35.06,4
Tennessee,47,Greene,47059,,,,,17.18,52.6666,20.8818
Tennessee,47,Grundy,47061,,,,,,1.12,
Tennessee,47,Hamblen,47063,,,,,1,15.99,
Tennessee,47,Hamilton,47065,,,,,5,6.75,
Tennessee,47,Hancock,47067,,,,,,0.0002,
Tennessee,47,Hardeman,47069,72.25,,,,12,4.26,1.27
Tennessee,47,Hardin,47071,,,,,,0.38,
Tennessee,47,Hawkins,47073,,,,,52.4,18.4001,3.68
Tennessee,47,Haywood,47075,,,,,1,0.24,
Tennessee,47,Henderson,47077,,,,,20.96,140.22,24.51
Tennessee,47,Henry,47079,,,,,242.52,63.23,22.5005
Tennessee,47,Hickman,47081,,,,,42.04,,
Tennessee,47,Humphreys,47085,,,,,,1,
Tennessee,47,Jackson,47087,,,,,,0.6001,0.03
Tennessee,47,Jefferson,47089,,,,,40.37,9.2249,
Tennessee,47,Johnson,47091,,,,,,0.25,0.125
Tennessee,47,Knox,47093,,,,,,4.2441,1.1
Tennessee,47,Lauderdale,47097,,,,,155.29,67.75,
Tennessee,47,Lawrence,47099,,,,,,7.5,
Tennessee,47,Lewis,47101,,,,,,9.28,
Tennessee,47,Lincoln,47103,120,,,,25.46,6.25,3
Tennessee,47,Loudon,47105,,,,,,,0.5
Tennessee,47,Macon,47111,46,41,4,108.76,493.05,249.14,130.65
Tennessee,47,Madison,47113,,,,,81.08,4.01,
Tennessee,47,Marion,47115,,,,,,44.4,11.7
Tennessee,47,Marshall,47117,,,,,5,27.652,0.1
Tennessee,47,Maury,47119,,,,,5,52.8566,17.63
Tennessee,47,McMinn,47107,,,,,5,177.1521,1
Tennessee,47,McNairy,47109,,,,,2,29.92,19.65
Tennessee,47,Monroe,47123,,,,,,5,
Tennessee,47,Montgomery,47125,,,,,124.25,69.337,15.5
Tennessee,47,Moore,47127,,,,,,0.0012,
Tennessee,47,Morgan,47129,,,,,,0.2,
Tennessee,47,Overton,47133,,,,,0.5,4.9239,
Tennessee,47,Perry,47135,,,,,,1.05,
Tennessee,47,Pickett,47137,,,,,14,1.1,
Tennessee,47,Polk,47139,,,,,5,3.9642,
Tennessee,47,Putnam,47141,,,,,1,5.615,0.625
Tennessee,47,Rhea,47143,,,,,,0.3,
Tennessee,47,Roane,47145,,,,,,1.855,1.889
Tennessee,47,Robertson,47147,5,12,12,30.6,160.18,59.79,4.33
Tennessee,47,Rutherford,47149,,,34.23,,,37.311,4.28
Tennessee,47,Scott,47151,,,,,,14.44,
Tennessee,47,Sequatchie,47153,,,,,,2.37,3
Tennessee,47,Sevier,47155,,,,,,2.1888,0.3441
Tennessee,47,Shelby,47157,30,4.5,,,40,16.983,0.03
Tennessee,47,Smith,47159,,,,194.74,155.95,62.0289,46
Tennessee,47,Stewart,47161,,,,5,156.28,63.3114,10.71
Tennessee,47,Sullivan,47163,,,,,,49.7645,1.9648
Tennessee,47,Sumner,47165,,,,,11.25,32.45,45.47
Tennessee,47,Tipton,47167,,,,,,30.237,10.72
Tennessee,47,Trousdale,47169,,,,,4.8,2.35,
Tennessee,47,Unicoi,47171,,,,,,0.522,0.522
Tennessee,47,Union,47173,,,,,,0.6,
Tennessee,47,Van Buren,47175,,,,,,1,
Tennessee,47,Warren,47177,,,,,1.5,50.4592,
Tennessee,47,Washington,47179,,,,,2.5,3.951,0.5401
Tennessee,47,Weakley,47183,,,,376.56,76,10.59,5.925
Tennessee,47,White,47185,,,,,5,12.525,
Tennessee,47,Williamson,47187,,,,,5,14.0333,0.5005
Tennessee,47,Wilson,47189,,,,,,21.06,0.53
Texas,48,Anderson,48001,,,,,,1.75,0.13
Texas,48,Austin,48015,,,,,,1,
Texas,48,Bee,48025,,,,,,0.04,0.04
Texas,48,Bell,48027,,,,,,5,0.0005
Texas,48,Bexar,48029,,,,,,0.0009,
Texas,48,Blanco,48031,,,,,,0.1,
Texas,48,Burnet,48053,,,,,,,0.0175
Texas,48,Cameron,48061,,,,,,,27.9
Texas,48,Carson,48065,,,,,,164.42,
Texas,48,Cherokee,48073,,,,,,,0.802
Texas,48,Coleman,48083,,,,,,,0.1
Texas,48,Comal,48091,,,,,,1.0022,0.0022
Texas,48,Comanche,48093,,,,,,10,
Texas,48,Cooke,48097,,,,,,1.03,
Texas,48,Dallam,48111,,,,,,12,
Texas,48,Dallas,48113,,,,,,,0.0234
Texas,48,Dawson,48115,,,,,,13.33,0
Texas,48,Denton,48121,,,,,,0.9,2.3023
Texas,48,Ellis,48139,,,,,,3.2536,3.2536
Texas,48,Erath,48143,,,,,,8.5,
Texas,48,Fannin,48147,,,,,,,2
Texas,48,Floyd,48153,,,,,,10,
Texas,48,Fort Bend,48157,,,,,,0.5034,
Texas,48,Gaines,48165,,,,,,59,
Texas,48,Gillespie,48171,,,,,,,0.001
Texas,48,Grayson,48181,,,,,,,25.32
Texas,48,Hale,48189,,,,,,59.54,
Texas,48,Haskell,48207,,,,,,38.5,86
Texas,48,Hays,48209,,,,,,,0.0206
Texas,48,Hidalgo,48215,,,,,,,12
Texas,48,Hill,48217,,,,,,0.0004,0.02
Texas,48,Hockley,48219,,,,,,23,
Texas,48,Hopkins,48223,,,,,,1.63,1.34
Texas,48,Hunt,48231,,,,,,,0.004
Texas,48,Jackson,48239,,,,,,,0.15
Texas,48,Johnson,48251,,,,,,0,5
Texas,48,Lamar,48277,,,,,,2,
Texas,48,Lamb,48279,,,,,,175.29,
Texas,48,Lampasas,48281,,,,,,,0.0028
Texas,48,Lubbock,48303,,,,,,296.6,327.41
Texas,48,Lynn,48305,,,,,,38,164.01
Texas,48,Matagorda,48321,,,,,,533.28,
Texas,48,McLennan,48309,,,,,,0.02,
Texas,48,Medina,48325,,,,,,5.31,0.0282
Texas,48,Midland,48329,,,,,,60,
Texas,48,Milam,48331,,,,,,,0.25
Texas,48,Parmer,48369,,,,,,236.9,101.9
Texas,48,Pecos,48371,,,,,,,1074
Texas,48,Rains,48379,,,,,,,4.53
Texas,48,Rockwall,48397,,,,,,,2.07
Texas,48,San Saba,48411,,,,,,0.0259,
Texas,48,Sherman,48421,,,,,,14,
Texas,48,Smith,48423,,,,,,0.02,
Texas,48,Stonewall,48433,,,,,,,2
Texas,48,Taylor,48441,,,,,,7.92,2.42
Texas,48,Terry,48445,,,,,,197,232.5
Texas,48,Uvalde,48463,,,,,,20,
Texas,48,Van Zandt,48467,,,,,,,3.2
Texas,48,Victoria,48469,,,,,,0.57,10
Texas,48,Waller,48473,,,,,,4,
Texas,48,Washington,48477,,,,,,9.145,
Texas,48,Webb,48479,,,,,,,20
Texas,48,Wharton,48481,,,,,,,1.22
Texas,48,Wichita,48485,,,,,,,20
Texas,48,Wilbarger,48487,,,,,,54.83,10
Texas,48,Williamson,48491,,,,,,0.2,2.72
Texas,48,Yoakum,48501,,,,,,6.6,
Utah,49,Beaver,49001,,,,,,4.54,
Utah,49,Box Elder,49003,,,,,36.6,80.6,
Utah,49,Duchesne,49013,,,,,,57.61,3.82
Utah,49,Emery,49015,,,,,36.88,7.72,
Utah,49,Iron,49021,,,,,30.82,,
Utah,49,Juab,49023,,,,,11,7,
Utah,49,Millard,49027,,,,,279.24,32.25,34.86
Utah,49,Sanpete,49039,,,,,16.24,,
Utah,49,Sevier,49041,,,,,7,5,4.26
Utah,49,Uintah,49047,,,,,,9,
Utah,49,Utah,49049,,,,,2.8,,
Utah,49,Wayne,49055,,,,,47.83,4,
Utah,49,Weber,49057,,,,,20.5,,
Vermont,50,Addison,50001,,,,,134.25,3.5,
Vermont,50,Bennington,50003,,,,,2.3,,1
Vermont,50,Caledonia,50005,,,,,197.68,48.55,2
Vermont,50,Chittenden,50007,,,,,34.59,16.4,19.3
Vermont,50,Franklin,50011,,,,10.46,92.78,17.631,12.65
Vermont,50,Grand Isle,50013,,2.27,,9.2,22.34,,52.75
Vermont,50,Lamoille,50015,,,2.2,,130.5,,
Vermont,50,Orange,50017,,,,,36.7,,
Vermont,50,Orleans,50019,,,,,6.25,30,
Vermont,50,Rutland,50021,,,,,280.98,9.4,0.25
Vermont,50,Washington,50023,,,,,9.03,2.4,0.045
Vermont,50,Windham,50025,,,,,0.25,0.004,
Virginia,51,Amelia,51007,,,,,18.2,9.9,3
Virginia,51,Augusta,51015,,,,,,2.5,2.5
Virginia,51,Bedford,51019,,,,,,2,3.58
Virginia,51,Bland,51021,,,,,2.5,,
Virginia,51,Bristol City,51520,,,,,,,1
Virginia,51,Brunswick,51025,,,,,216.72,61.1,5.5
Virginia,51,Buckingham,51029,,,,,,1.1,1.1
Virginia,51,Campbell,51031,,,,,10,17,
Virginia,51,Caroline,51033,,,,,4.6,3.59,
Virginia,51,Carroll,51035,,,,,13.13,,
Virginia,51,Charles City,51036,,,,,2,,
Virginia,51,Charlotte,51037,,,,,18.7,28.5,12.08
Virginia,51,Chesapeake City,51550,,,,,0.5,5.54,
Virginia,51,Culpeper,51047,,,,,,0.5,
Virginia,51,Dinwiddie,51053,,,,,112.565,4,2.65
Virginia,51,Fauquier,51061,,,,,,,1.4
Virginia,51,Floyd,51063,,,,,,0.61,
Virginia,51,Franklin,51067,,,,,,,3
Virginia,51,Gloucester,51073,,,,,3.74,5.86,5.11
Virginia,51,Grayson,51077,,,,,1,,
Virginia,51,Greensville,51081,,,,,85.9,44.6,7.13
Virginia,51,Halifax,51083,,,,,37.3,86.63,25.275
Virginia,51,Hanover,51085,,,,,211.66,14.26,
Virginia,51,Henry,51089,,,,,8.35,,
Virginia,51,King George,51099,,,,,,81.1,
Virginia,51,Lee,51105,,,,,36,,
Virginia,51,Lunenburg,51111,,,,,21.9,22.8,3.8
Virginia,51,Madison,51113,,,,,20,45.45,22.09
Virginia,51,Mecklenburg,51117,,,,,351.1,320.08,116.32
Virginia,51,Middlesex,51119,,,,,1,,
Virginia,51,Montgomery,51121,,,,,,3,
Virginia,51,New Kent,51127,,,,,,0.12,
Virginia,51,Northampton,51131,,,,,7,,
Virginia,51,Nottoway,51135,,,,,16,7.34,6
Virginia,51,Orange,51137,,,,,78.82,916.02,
Virginia,51,Page,51139,,,,,2,0.25,
Virginia,51,Patrick,51141,,,,,4.14,1.5,0.86
Virginia,51,Pittsylvania,51143,,,,,19.1,49.5,7
Virginia,51,Powhatan,51145,,,,,,,0.71
Virginia,51,Prince Edward,51147,,,,,0.25,30.78,
Virginia,51,Rockbridge,51163,,,,,,15.67,
Virginia,51,Rockingham,51165,,11,11,16.12,8,10.27,14
Virginia,51,Russell,51167,,,,,,40.79,1.1
Virginia,51,Shenandoah,51171,,,,,,2,
Virginia,51,Smyth,51173,,,,,,2.5,
Virginia,51,Southampton,51175,,,,,0.5,5,
Virginia,51,Suffolk City,51800,,,,,5.2,8.83,1.38
Virginia,51,Surry,51181,,,,,6.672,1.08,0.698
Virginia,51,Sussex,51183,,,,,59.2,,
Virginia,51,Tazewell,51185,,,,,,37.04,
Virginia,51,Virginia Beach City,51810,,,,,,1.5,
Virginia,51,Washington,51191,,,,,2.6,162.3,
Virginia,51,Wythe,51197,,,,,56.54,52.01,15.86
Washington,53,Adams,53001,,,,,,24.84,
Washington,53,Benton,53005,,,,,12.5,109.14,10.11
Washington,53,Chelan,53007,,,,,,1,0.275
Washington,53,Clark,53011,,,,,,0.01,1.83
Washington,53,Douglas,53017,,,,,,1.49,
Washington,53,Franklin,53021,,,,,,1.82,0.3
Washington,53,Grant,53025,,,,,,129.79,5.03
Washington,53,Klickitat,53039,,,,,,,0.43
Washington,53,Lincoln,53043,,,65,,35.3,6,
Washington,53,Okanogan,53047,,,,,2.5,2.5,2
Washington,53,Pacific,53049,,,,,,,1.15
Washington,53,San Juan,53055,,,,,,5,
Washington,53,Snohomish,53061,,,,,,,1
Washington,53,Spokane,53063,,,,,,,9.33
Washington,53,Thurston,53067,,,,,,0.14,0.09
Washington,53,Walla Walla,53071,,,,,42.25,51,39
Washington,53,Whatcom,53073,,,,,10,3.5,2.375
Washington,53,Whitman,53075,,,,,,140.39,0.22
Washington,53,Yakima,53077,,,,,,246.28,285.886
West Virginia,54,Berkeley,54003,,,,,48.43,,
West Virginia,54,Braxton,54007,,,,,,2,
West Virginia,54,Greenbrier,54025,,,,,,4.54,0.04
West Virginia,54,Jefferson,54037,,,,,94.75,1.173,
West Virginia,54,Lincoln,54043,,,,,2,0.5,0.5
West Virginia,54,Mason,54053,,,,251.68,43.8,13.8,3.8
West Virginia,54,Monongalia,54061,,,,,,1.97,0.5
West Virginia,54,Monroe,54063,,,,,28.79,8.5,
West Virginia,54,Preston,54077,,,,,,3.52,1
West Virginia,54,Putnam,54079,,,,,4,5.2,1.5
West Virginia,54,Taylor,54091,,,,,,1,
West Virginia,54,Upshur,54097,,,,,,4.87,
West Virginia,54,Wayne,54099,,,,1.57,,,
Wisconsin,55,Adams,55001,,,,6.61,248.88,,0.08
Wisconsin,55,Barron,55005,,,,4.9,24,8.55,
Wisconsin,55,Brown,55009,,,,37.81,398.69,44.68,
Wisconsin,55,Buffalo,55011,,,,1.17,27.6,,
Wisconsin,55,Burnett,55013,,,,,6.66,10.66,7.66
Wisconsin,55,Calumet,55015,,,,38.92,143.26,1,
Wisconsin,55,Clark,55019,,,,,8.08,15,3.11
Wisconsin,55,Columbia,55021,,,,2,282.86,70.78,40.14
Wisconsin,55,Crawford,55023,,,,,1,5,
Wisconsin,55,Dane,55025,,,,5,63.7,4.6,0.84
Wisconsin,55,Dodge,55027,,,,2,11.59,12.14,6.64
Wisconsin,55,Door,55029,,,,,4,5,2
Wisconsin,55,Dunn,55033,,,,151.34,68.54,,1.58
Wisconsin,55,Eau Claire,55035,,,,23.58,80.08,4.07,1.07
Wisconsin,55,Fond du Lac,55039,,,,,9.2,51.07,20.48
Wisconsin,55,Grant,55043,,,,,38,36.96,
Wisconsin,55,Green,55045,,,,32.8,109.61,520.19,1
Wisconsin,55,Iowa,55049,,,,,24.41,4.5,
Wisconsin,55,Jackson,55053,,,,9.29,34.99,7.26,7.79
Wisconsin,55,Jefferson,55055,,,,9.08,59.43,43.84,7.11
Wisconsin,55,Juneau,55057,,,,13.02,36.75,,197.25
Wisconsin,55,Kenosha,55059,,,,,12,8,2
Wisconsin,55,Kewaunee,55061,,,,,3,2.75,7.13
Wisconsin,55,La Crosse,55063,,,,,53.45,6,
Wisconsin,55,Lafayette,55065,,,,,55.38,1.33,
Wisconsin,55,Langlade,55067,,,,,66.08,,
Wisconsin,55,Lincoln,55069,,,,,,1.85,
Wisconsin,55,Manitowoc,55071,,,,17.34,7.75,3,3
Wisconsin,55,Marathon,55073,,,,,17.25,239.99,188
Wisconsin,55,Marinette,55075,,,,,0.18,1.39,
Wisconsin,55,Marquette,55077,,,,153.85,549.63,24.89,27.99
Wisconsin,55,Milwaukee,55079,,,,,3.1,0.3,
Wisconsin,55,Monroe,55081,,,,16.06,114.99,35.82,
Wisconsin,55,Oconto,55083,,,,,5.3,5.14,6.74
Wisconsin,55,Outagamie,55087,,,,,23.5,2.5,1.5
Wisconsin,55,Ozaukee,55089,,,,,47.2,19.76,
Wisconsin,55,Pepin,55091,,,,,2,,0.25
Wisconsin,55,Pierce,55093,,,,,3,1.3,1.75
Wisconsin,55,Polk,55095,,,,,1,,
Wisconsin,55,Portage,55097,,,,37.34,65.03,6,
Wisconsin,55,Racine,55101,,,,,2,1,
Wisconsin,55,Richland,55103,,,,2.5,3,12.6,4.87
Wisconsin,55,Rock,55105,,,,17.39,32,1701.82,59.08
Wisconsin,55,Sauk,55111,,,,19.85,15.14,16.55,47.96
Wisconsin,55,Shawano,55115,,,,,13.96,14.57,10.42
Wisconsin,55,Sheboygan,55117,,,,,41.95,2.07,11.95
Wisconsin,55,St Croix,55109,,,,7,12.48,3.7,
Wisconsin,55,Trempealeau,55121,,,,2.8,40.59,8.89,
Wisconsin,55,Vernon,55123,,,,32.13,31.8,4.45,0.21
Wisconsin,55,Walworth,55127,,,,0.19,14.85,20.64,1.02
Wisconsin,55,Washington,55131,,,,,19.25,4.79,0.5
Wisconsin,55,Waukesha,55133,,,,,3.3,,
Wisconsin,55,Waupaca,55135,,,,1.59,2.1,4.89,
Wisconsin,55,Waushara,55137,,,,,13.1,,
Wisconsin,55,Winnebago,55139,,,,19.51,,,
Wisconsin,55,Wood,55141,,,,,5.04,15.82,2
Wyoming,56,Big Horn,56003,,,,,,103.86,
Wyoming,56,Converse,56009,,,,,,,0.03
Wyoming,56,Goshen,56015,,,,,,20,215.76
Wyoming,56,Laramie,56021,,,,,,248.39,142.88
Wyoming,56,Natrona,56025,,,,,,,1.02
Wyoming,56,Park,56029,,,,,,4,54
Wyoming,56,Platte,56031,,,,,,8,
Wyoming,56,Sheridan,56033,,,,,,9.56,
